This is XeTeX, Version 3.141592653-2.6-0.999997 (MiKTeX 25.4) (preloaded format=xelatex 2026.2.5)  11 MAR 2026 23:45
entering extended mode
 restricted \write18 enabled.
 file:line:error style messages enabled.
 %&-line parsing enabled.
**c:/Users/DHLee/OneDrive/Desktop/精选/高级数学_III_训练集/main.tex
(c:/Users/DHLee/OneDrive/Desktop/精选/高级数学_III_训练集/main.tex
LaTeX2e <2025-06-01> patch level 1
L3 programming layer <2025-07-20>
(C:\Users\DHLee\AppData\Local\Programs\MiKTeX\tex/latex/exam\exam.cls
Document Class: exam 2023/07/09 Version 2.704 by Philip Hirschhorn
(C:\Users\DHLee\AppData\Local\Programs\MiKTeX\tex/latex/base\ifthen.sty
Package: ifthen 2024/03/16 v1.1e Standard LaTeX ifthen package (DPC)
)
(C:\Users\DHLee\AppData\Local\Programs\MiKTeX\tex/latex/base\article.cls
Document Class: article 2025/01/22 v1.4n Standard LaTeX document class
(C:\Users\DHLee\AppData\Local\Programs\MiKTeX\tex/latex/base\size12.clo
File: size12.clo 2025/01/22 v1.4n Standard LaTeX file (size option)
)
\c@part=\count271
\c@section=\count272
\c@subsection=\count273
\c@subsubsection=\count274
\c@paragraph=\count275
\c@subparagraph=\count276
\c@figure=\count277
\c@table=\count278
\abovecaptionskip=\skip49
\belowcaptionskip=\skip50
\bibindent=\dimen148
)
\@extrawidth=\skip51
\@rightmargin=\skip52
\@extrahead=\skip53
\@extrafoot=\skip54
\run@exhd=\skip55
\fp@exhd=\skip56
\run@exft=\skip57
\fp@exft=\skip58
\covrun@exhd=\skip59
\covfp@exhd=\skip60
\covrun@exft=\skip61
\covfp@exft=\skip62
\c@num@coverpages=\count279
\c@latest@ques=\count280
\c@ques@end=\count281
\c@last@object=\count282
\c@incmp@ques=\count283
\c@next@ques=\count284
\c@next@page=\count285
\c@tmp@hlfcntr=\count286
\c@ifpos@cntr=\count287
\c@question=\count288
\c@partno=\count289
\c@subpart=\count290
\c@subsubpart=\count291
\c@choice=\count292
\c@numpoints=\count293
\c@numbonuspoints=\count294
\c@pointsof@thisquestion=\count295
\c@bonuspointsof@thisquestion=\count296
\c@numquestions=\count297
\c@numparts=\count298
\c@numsubparts=\count299
\c@numsubsubparts=\count300
\c@Curr@Page=\count301
\c@@pagepoints=\count302
\c@@pagebonuspoints=\count303
\c@pageof@pagepoints=\count304
\c@pageof@pagebonuspoints=\count305
\c@latest@points=\count306
\c@latest@bonuspoints=\count307
\pageinfo@commands=\toks17
\temp@toks=\toks18
\pagepoint@commands=\toks19
\point@toks=\toks20
\c@ques@object=\count308
\marginpointssep=\skip63
\rightpointsmargin=\skip64
\choice@toks=\toks21
\answerlinelength=\skip65
\answerskip=\skip66
\answerclearance=\skip67
\fillinlinelength=\skip68
\linefillheight=\skip69
\linefillthickness=\skip70
\dottedlinefillheight=\skip71
\gridsize=\skip72
\gridlinewidth=\skip73
\minboxheight=\skip74
\c@@iterator=\count309
\@cellwidth=\skip75
\c@tbl@points=\count310
\c@tbl@bonuspoints=\count311
\c@pq@index=\count312
\c@pq@index@pts=\count313
\c@pq@index@bpts=\count314
\c@num@cols=\count315
\c@num@rows=\count316
\c@current@row=\count317
\c@cols@done=\count318
\c@exam@saved@eqnum=\count319
\exam@box=\box53
\saved@totalleftmargin=\dimen149
\@sollistdepth=\count320
\exam@FrameRule=\dimen150
\exam@FrameSep=\dimen151
)
(C:\Users\DHLee\AppData\Local\Programs\MiKTeX\tex/latex/geometry\geometry.sty
Package: geometry 2020/01/02 v5.9 Page Geometry

(C:\Users\DHLee\AppData\Local\Programs\MiKTeX\tex/latex/graphics\keyval.sty
Package: keyval 2022/05/29 v1.15 key=value parser (DPC)
\KV@toks@=\toks22
)
(C:\Users\DHLee\AppData\Local\Programs\MiKTeX\tex/generic/iftex\ifvtex.sty
Package: ifvtex 2019/10/25 v1.7 ifvtex legacy package. Use iftex instead.

(C:\Users\DHLee\AppData\Local\Programs\MiKTeX\tex/generic/iftex\iftex.sty
Package: iftex 2024/12/12 v1.0g TeX engine tests
))
\Gm@cnth=\count321
\Gm@cntv=\count322
\c@Gm@tempcnt=\count323
\Gm@bindingoffset=\dimen152
\Gm@wd@mp=\dimen153
\Gm@odd@mp=\dimen154
\Gm@even@mp=\dimen155
\Gm@layoutwidth=\dimen156
\Gm@layoutheight=\dimen157
\Gm@layouthoffset=\dimen158
\Gm@layoutvoffset=\dimen159
\Gm@dimlist=\toks23

(C:\Users\DHLee\AppData\Local\Programs\MiKTeX\tex/latex/geometry\geometry.cfg))
(C:\Users\DHLee\AppData\Local\Programs\MiKTeX\tex/latex/graphics\graphicx.sty
Package: graphicx 2024/12/31 v1.2e Enhanced LaTeX Graphics (DPC,SPQR)

(C:\Users\DHLee\AppData\Local\Programs\MiKTeX\tex/latex/graphics\graphics.sty
Package: graphics 2024/08/06 v1.4g Standard LaTeX Graphics (DPC,SPQR)

(C:\Users\DHLee\AppData\Local\Programs\MiKTeX\tex/latex/graphics\trig.sty
Package: trig 2023/12/02 v1.11 sin cos tan (DPC)
)
(C:\Users\DHLee\AppData\Local\Programs\MiKTeX\tex/latex/graphics-cfg\graphics.c
fg
File: graphics.cfg 2016/06/04 v1.11 sample graphics configuration
)
Package graphics Info: Driver file: xetex.def on input line 106.

(C:\Users\DHLee\AppData\Local\Programs\MiKTeX\tex/latex/graphics-def\xetex.def
File: xetex.def 2022/09/22 v5.0n Graphics/color driver for xetex
))
\Gin@req@height=\dimen160
\Gin@req@width=\dimen161
) (C:\Users\DHLee\AppData\Local\Programs\MiKTeX\tex/latex/amsmath\amsmath.sty
Package: amsmath 2025/06/16 v2.17y AMS math features
\@mathmargin=\skip76

For additional information on amsmath, use the `?' option.
(C:\Users\DHLee\AppData\Local\Programs\MiKTeX\tex/latex/amsmath\amstext.sty
Package: amstext 2024/11/17 v2.01 AMS text

(C:\Users\DHLee\AppData\Local\Programs\MiKTeX\tex/latex/amsmath\amsgen.sty
File: amsgen.sty 1999/11/30 v2.0 generic functions
\@emptytoks=\toks24
\ex@=\dimen162
))
(C:\Users\DHLee\AppData\Local\Programs\MiKTeX\tex/latex/amsmath\amsbsy.sty
Package: amsbsy 1999/11/29 v1.2d Bold Symbols
\pmbraise@=\dimen163
)
(C:\Users\DHLee\AppData\Local\Programs\MiKTeX\tex/latex/amsmath\amsopn.sty
Package: amsopn 2022/04/08 v2.04 operator names
)
\inf@bad=\count324
LaTeX Info: Redefining \frac on input line 233.
\uproot@=\count325
\leftroot@=\count326
LaTeX Info: Redefining \overline on input line 398.
LaTeX Info: Redefining \colon on input line 409.
\classnum@=\count327
\DOTSCASE@=\count328
LaTeX Info: Redefining \ldots on input line 495.
LaTeX Info: Redefining \dots on input line 498.
LaTeX Info: Redefining \cdots on input line 619.
\Mathstrutbox@=\box54
\strutbox@=\box55
LaTeX Info: Redefining \big on input line 721.
LaTeX Info: Redefining \Big on input line 722.
LaTeX Info: Redefining \bigg on input line 723.
LaTeX Info: Redefining \Bigg on input line 724.
\big@size=\dimen164
LaTeX Font Info:    Redeclaring font encoding OML on input line 742.
LaTeX Font Info:    Redeclaring font encoding OMS on input line 743.
\macc@depth=\count329
LaTeX Info: Redefining \bmod on input line 904.
LaTeX Info: Redefining \pmod on input line 909.
LaTeX Info: Redefining \smash on input line 939.
LaTeX Info: Redefining \relbar on input line 969.
LaTeX Info: Redefining \Relbar on input line 970.
\c@MaxMatrixCols=\count330
\dotsspace@=\muskip17
\c@parentequation=\count331
\dspbrk@lvl=\count332
\tag@help=\toks25
\row@=\count333
\column@=\count334
\maxfields@=\count335
\andhelp@=\toks26
\eqnshift@=\dimen165
\alignsep@=\dimen166
\tagshift@=\dimen167
\tagwidth@=\dimen168
\totwidth@=\dimen169
\lineht@=\dimen170
\@envbody=\toks27
\multlinegap=\skip77
\multlinetaggap=\skip78
\mathdisplay@stack=\toks28
LaTeX Info: Redefining \[ on input line 2949.
LaTeX Info: Redefining \] on input line 2950.
)
(C:\Users\DHLee\AppData\Local\Programs\MiKTeX\tex/latex/amsfonts\amsfonts.sty
Package: amsfonts 2013/01/14 v3.01 Basic AMSFonts support
\symAMSa=\mathgroup4
\symAMSb=\mathgroup5
LaTeX Font Info:    Redeclaring math symbol \hbar on input line 98.
LaTeX Font Info:    Overwriting math alphabet `\mathfrak' in version `bold'
(Font)                  U/euf/m/n --> U/euf/b/n on input line 106.
)
(C:\Users\DHLee\AppData\Local\Programs\MiKTeX\tex/latex/amsfonts\amssymb.sty
Package: amssymb 2013/01/14 v3.01 AMS font symbols
)
(C:\Users\DHLee\AppData\Local\Programs\MiKTeX\tex/latex/amscls\amsthm.sty
Package: amsthm 2020/05/29 v2.20.6
\thm@style=\toks29
\thm@bodyfont=\toks30
\thm@headfont=\toks31
\thm@notefont=\toks32
\thm@headpunct=\toks33
\thm@preskip=\skip79
\thm@postskip=\skip80
\thm@headsep=\skip81
\dth@everypar=\toks34
)
(C:\Users\DHLee\AppData\Local\Programs\MiKTeX\tex/latex/yhmath\yhmath.sty
Package: yhmath 2020/03/17 v1.6
\symyhlargesymbols=\mathgroup6
LaTeX Font Info:    Redeclaring math accent \widetilde on input line 29.
LaTeX Font Info:    Redeclaring math accent \widehat on input line 30.
LaTeX Font Info:    Redeclaring math symbol \braceld on input line 48.
LaTeX Font Info:    Redeclaring math symbol \bracerd on input line 49.
LaTeX Font Info:    Redeclaring math symbol \bracelu on input line 50.
LaTeX Font Info:    Redeclaring math symbol \braceru on input line 51.
LaTeX Font Info:    Redeclaring math delimiter \lmoustache on input line 53.
LaTeX Font Info:    Redeclaring math delimiter \rmoustache on input line 55.
LaTeX Font Info:    Redeclaring math delimiter \arrowvert on input line 57.
LaTeX Font Info:    Redeclaring math delimiter \Arrowvert on input line 59.
LaTeX Font Info:    Redeclaring math delimiter \Vert on input line 61.
LaTeX Font Info:    Redeclaring math delimiter \vert on input line 63.
LaTeX Font Info:    Redeclaring math delimiter \uparrow on input line 65.
LaTeX Font Info:    Redeclaring math delimiter \downarrow on input line 67.
LaTeX Font Info:    Redeclaring math delimiter \updownarrow on input line 69.
LaTeX Font Info:    Redeclaring math delimiter \Uparrow on input line 71.
LaTeX Font Info:    Redeclaring math delimiter \Downarrow on input line 73.
LaTeX Font Info:    Redeclaring math delimiter \Updownarrow on input line 75.
LaTeX Font Info:    Redeclaring math delimiter \backslash on input line 79.
LaTeX Font Info:    Redeclaring math delimiter \rangle on input line 81.
LaTeX Font Info:    Redeclaring math delimiter \langle on input line 83.
LaTeX Font Info:    Redeclaring math delimiter \rbrace on input line 85.
LaTeX Font Info:    Redeclaring math delimiter \lbrace on input line 87.
LaTeX Font Info:    Redeclaring math delimiter \rceil on input line 89.
LaTeX Font Info:    Redeclaring math delimiter \lceil on input line 91.
LaTeX Font Info:    Redeclaring math delimiter \rfloor on input line 93.
LaTeX Font Info:    Redeclaring math delimiter \lfloor on input line 95.
LaTeX Font Info:    Redeclaring math delimiter \lgroup on input line 97.
LaTeX Font Info:    Redeclaring math delimiter \rgroup on input line 99.
LaTeX Font Info:    Redeclaring math delimiter \bracevert on input line 101.
)
(C:\Users\DHLee\AppData\Local\Programs\MiKTeX\tex/latex/hyperref\hyperref.sty
Package: hyperref 2025-07-12 v7.01o Hypertext links for LaTeX

(C:\Users\DHLee\AppData\Local\Programs\MiKTeX\tex/latex/kvsetkeys\kvsetkeys.sty
Package: kvsetkeys 2022-10-05 v1.19 Key value parser (HO)
)
(C:\Users\DHLee\AppData\Local\Programs\MiKTeX\tex/generic/kvdefinekeys\kvdefine
keys.sty
Package: kvdefinekeys 2019-12-19 v1.6 Define keys (HO)
)
(C:\Users\DHLee\AppData\Local\Programs\MiKTeX\tex/generic/pdfescape\pdfescape.s
ty
Package: pdfescape 2019/12/09 v1.15 Implements pdfTeX's escape features (HO)

(C:\Users\DHLee\AppData\Local\Programs\MiKTeX\tex/generic/ltxcmds\ltxcmds.sty
Package: ltxcmds 2023-12-04 v1.26 LaTeX kernel commands for general use (HO)
)
(C:\Users\DHLee\AppData\Local\Programs\MiKTeX\tex/generic/pdftexcmds\pdftexcmds
.sty
Package: pdftexcmds 2020-06-27 v0.33 Utility functions of pdfTeX for LuaTeX (HO
)

(C:\Users\DHLee\AppData\Local\Programs\MiKTeX\tex/generic/infwarerr\infwarerr.s
ty
Package: infwarerr 2019/12/03 v1.5 Providing info/warning/error messages (HO)
)
Package pdftexcmds Info: \pdf@primitive is available.
Package pdftexcmds Info: \pdf@ifprimitive is available.
Package pdftexcmds Info: \pdfdraftmode not found.
))
(C:\Users\DHLee\AppData\Local\Programs\MiKTeX\tex/latex/hycolor\hycolor.sty
Package: hycolor 2020-01-27 v1.10 Color options for hyperref/bookmark (HO)
)
(C:\Users\DHLee\AppData\Local\Programs\MiKTeX\tex/latex/hyperref\nameref.sty
Package: nameref 2025-06-21 v2.57 Cross-referencing by name of section

(C:\Users\DHLee\AppData\Local\Programs\MiKTeX\tex/latex/refcount\refcount.sty
Package: refcount 2019/12/15 v3.6 Data extraction from label references (HO)
)
(C:\Users\DHLee\AppData\Local\Programs\MiKTeX\tex/generic/gettitlestring\gettit
lestring.sty
Package: gettitlestring 2019/12/15 v1.6 Cleanup title references (HO)

(C:\Users\DHLee\AppData\Local\Programs\MiKTeX\tex/latex/kvoptions\kvoptions.sty
Package: kvoptions 2022-06-15 v3.15 Key value format for package options (HO)
))
\c@section@level=\count336
)
(C:\Users\DHLee\AppData\Local\Programs\MiKTeX\tex/latex/etoolbox\etoolbox.sty
Package: etoolbox 2025/02/11 v2.5l e-TeX tools for LaTeX (JAW)
\etb@tempcnta=\count337
)
(C:\Users\DHLee\AppData\Local\Programs\MiKTeX\tex/generic/stringenc\stringenc.s
ty
Package: stringenc 2019/11/29 v1.12 Convert strings between diff. encodings (HO
)
)
\@linkdim=\dimen171
\Hy@linkcounter=\count338
\Hy@pagecounter=\count339
 (C:\Users\DHLee\AppData\Local\Programs\MiKTeX\tex/latex/hyperref\pd1enc.def
File: pd1enc.def 2025-07-12 v7.01o Hyperref: PDFDocEncoding definition (HO)
) (C:\Users\DHLee\AppData\Local\Programs\MiKTeX\tex/generic/intcalc\intcalc.sty
Package: intcalc 2019/12/15 v1.3 Expandable calculations with integers (HO)
)
\Hy@SavedSpaceFactor=\count340
 (C:\Users\DHLee\AppData\Local\Programs\MiKTeX\tex/latex/hyperref\puenc.def
File: puenc.def 2025-07-12 v7.01o Hyperref: PDF Unicode definition (HO)
)
Package hyperref Info: Option `colorlinks' set `true' on input line 4066.
Package hyperref Info: Hyper figures OFF on input line 4195.
Package hyperref Info: Link nesting OFF on input line 4200.
Package hyperref Info: Hyper index ON on input line 4203.
Package hyperref Info: Plain pages OFF on input line 4210.
Package hyperref Info: Backreferencing OFF on input line 4215.
Package hyperref Info: Implicit mode ON; LaTeX internals redefined.
Package hyperref Info: Bookmarks ON on input line 4462.
\c@Hy@tempcnt=\count341

(C:\Users\DHLee\AppData\Local\Programs\MiKTeX\tex/latex/url\url.sty
\Urlmuskip=\muskip18
Package: url 2013/09/16  ver 3.4  Verb mode for urls, etc.
)
LaTeX Info: Redefining \url on input line 4801.
\XeTeXLinkMargin=\dimen172

(C:\Users\DHLee\AppData\Local\Programs\MiKTeX\tex/generic/bitset\bitset.sty
Package: bitset 2019/12/09 v1.3 Handle bit-vector datatype (HO)

(C:\Users\DHLee\AppData\Local\Programs\MiKTeX\tex/generic/bigintcalc\bigintcalc
.sty
Package: bigintcalc 2019/12/15 v1.5 Expandable calculations on big integers (HO
)
))
\Fld@menulength=\count342
\Field@Width=\dimen173
\Fld@charsize=\dimen174
Package hyperref Info: Hyper figures OFF on input line 6078.
Package hyperref Info: Link nesting OFF on input line 6083.
Package hyperref Info: Hyper index ON on input line 6086.
Package hyperref Info: backreferencing OFF on input line 6093.
Package hyperref Info: Link coloring ON on input line 6096.
Package hyperref Info: Link coloring with OCG OFF on input line 6103.
Package hyperref Info: PDF/A mode OFF on input line 6108.
\Hy@abspage=\count343
\c@Item=\count344
\c@Hfootnote=\count345
)
Package hyperref Info: Driver (autodetected): hxetex.

(C:\Users\DHLee\AppData\Local\Programs\MiKTeX\tex/latex/hyperref\hxetex.def
File: hxetex.def 2025-07-12 v7.01o Hyperref driver for XeTeX
\pdfm@box=\box56
\c@Hy@AnnotLevel=\count346
\HyField@AnnotCount=\count347
\Fld@listcount=\count348
\c@bookmark@seq@number=\count349

(C:\Users\DHLee\AppData\Local\Programs\MiKTeX\tex/latex/rerunfilecheck\rerunfil
echeck.sty
Package: rerunfilecheck 2025-06-21 v1.11 Rerun checks for auxiliary files (HO)

(C:\Users\DHLee\AppData\Local\Programs\MiKTeX\tex/generic/uniquecounter\uniquec
ounter.sty
Package: uniquecounter 2019/12/15 v1.4 Provide unlimited unique counter (HO)
)
Package uniquecounter Info: New unique counter `rerunfilecheck' on input line 2
84.
)
\Hy@SectionHShift=\skip82
)
(C:\Users\DHLee\AppData\Local\Programs\MiKTeX\tex/xelatex/xecjk\xeCJK.sty
(C:\Users\DHLee\AppData\Local\Programs\MiKTeX\tex/latex/l3kernel\expl3.sty
Package: expl3 2025-07-20 L3 programming layer (loader) 

(C:\Users\DHLee\AppData\Local\Programs\MiKTeX\tex/latex/l3backend\l3backend-xet
ex.def
File: l3backend-xetex.def 2025-06-09 L3 backend support: XeTeX
\g__graphics_track_int=\count350
\g__pdfannot_backend_int=\count351
\g__pdfannot_backend_link_int=\count352
))
Package: xeCJK 2022/08/05 v3.9.1 Typesetting CJK scripts with XeLaTeX

(C:\Users\DHLee\AppData\Local\Programs\MiKTeX\tex/latex/ctex\ctexhook.sty
Package: ctexhook 2022/07/14 v2.5.10 Document and package hooks (CTEX)
)
(C:\Users\DHLee\AppData\Local\Programs\MiKTeX\tex/latex/l3packages/xtemplate\xt
emplate.sty
Package: xtemplate 2024-08-16 L3 Experimental prototype document functions
)
\l__xeCJK_tmp_int=\count353
\l__xeCJK_tmp_box=\box57
\l__xeCJK_tmp_dim=\dimen175
\l__xeCJK_tmp_skip=\skip83
\g__xeCJK_space_factor_int=\count354
\l__xeCJK_begin_int=\count355
\l__xeCJK_end_int=\count356
\c__xeCJK_CJK_class_int=\XeTeXcharclass1
\c__xeCJK_FullLeft_class_int=\XeTeXcharclass2
\c__xeCJK_FullRight_class_int=\XeTeXcharclass3
\c__xeCJK_HalfLeft_class_int=\XeTeXcharclass4
\c__xeCJK_HalfRight_class_int=\XeTeXcharclass5
\c__xeCJK_NormalSpace_class_int=\XeTeXcharclass6
\c__xeCJK_CM_class_int=\XeTeXcharclass7
\c__xeCJK_HangulJamo_class_int=\XeTeXcharclass8
\l__xeCJK_last_skip=\skip84
\c__xeCJK_none_node=\count357
\g__xeCJK_node_int=\count358
\c__xeCJK_CJK_node_dim=\dimen176
\c__xeCJK_CJK-space_node_dim=\dimen177
\c__xeCJK_default_node_dim=\dimen178
\c__xeCJK_CJK-widow_node_dim=\dimen179
\c__xeCJK_normalspace_node_dim=\dimen180
\c__xeCJK_default-space_node_skip=\skip85
\l__xeCJK_ccglue_skip=\skip86
\l__xeCJK_ecglue_skip=\skip87
\l__xeCJK_punct_kern_skip=\skip88
\l__xeCJK_indent_box=\box58
\l__xeCJK_last_penalty_int=\count359
\l__xeCJK_last_bound_dim=\dimen181
\l__xeCJK_last_kern_dim=\dimen182
\l__xeCJK_widow_penalty_int=\count360

LaTeX template Info: Declaring template type 'xeCJK/punctuation' taking 0
(template)           argument(s) on line 2396.

\l__xeCJK_fixed_punct_width_dim=\dimen183
\l__xeCJK_mixed_punct_width_dim=\dimen184
\l__xeCJK_middle_punct_width_dim=\dimen185
\l__xeCJK_fixed_margin_width_dim=\dimen186
\l__xeCJK_mixed_margin_width_dim=\dimen187
\l__xeCJK_middle_margin_width_dim=\dimen188
\l__xeCJK_bound_punct_width_dim=\dimen189
\l__xeCJK_bound_margin_width_dim=\dimen190
\l__xeCJK_margin_minimum_dim=\dimen191
\l__xeCJK_kerning_total_width_dim=\dimen192
\l__xeCJK_same_align_margin_dim=\dimen193
\l__xeCJK_different_align_margin_dim=\dimen194
\l__xeCJK_kerning_margin_width_dim=\dimen195
\l__xeCJK_kerning_margin_minimum_dim=\dimen196
\l__xeCJK_bound_dim=\dimen197
\l__xeCJK_reverse_bound_dim=\dimen198
\l__xeCJK_margin_dim=\dimen199
\l__xeCJK_minimum_bound_dim=\dimen256
\l__xeCJK_kerning_margin_dim=\dimen257
\g__xeCJK_family_int=\count361
\l__xeCJK_fam_int=\count362
\g__xeCJK_fam_allocation_int=\count363
\l__xeCJK_verb_case_int=\count364
\l__xeCJK_verb_exspace_skip=\skip89

(C:\Users\DHLee\AppData\Local\Programs\MiKTeX\tex/latex/fontspec\fontspec.sty
(C:\Users\DHLee\AppData\Local\Programs\MiKTeX\tex/latex/l3packages/xparse\xpars
e.sty
Package: xparse 2024-08-16 L3 Experimental document command parser
)
Package: fontspec 2024/05/11 v2.9e Font selection for XeLaTeX and LuaLaTeX

(C:\Users\DHLee\AppData\Local\Programs\MiKTeX\tex/latex/fontspec\fontspec-xetex
.sty
Package: fontspec-xetex 2024/05/11 v2.9e Font selection for XeLaTeX and LuaLaTe
X
\l__fontspec_script_int=\count365
\l__fontspec_language_int=\count366
\l__fontspec_strnum_int=\count367
\l__fontspec_tmp_int=\count368
\l__fontspec_tmpa_int=\count369
\l__fontspec_tmpb_int=\count370
\l__fontspec_tmpc_int=\count371
\l__fontspec_em_int=\count372
\l__fontspec_emdef_int=\count373
\l__fontspec_strong_int=\count374
\l__fontspec_strongdef_int=\count375
\l__fontspec_tmpa_dim=\dimen258
\l__fontspec_tmpb_dim=\dimen259
\l__fontspec_tmpc_dim=\dimen260
 (C:\Users\DHLee\AppData\Local\Programs\MiKTeX\tex/latex/base\fontenc.sty
Package: fontenc 2024/12/21 v2.1c Standard LaTeX package
)
(C:\Users\DHLee\AppData\Local\Programs\MiKTeX\tex/latex/fontspec\fontspec.cfg))
) (C:\Users\DHLee\AppData\Local\Programs\MiKTeX\tex/xelatex/xecjk\xeCJK.cfg
File: xeCJK.cfg 2022/08/05 v3.9.1 Configuration file for xeCJK package
))
(C:\Users\DHLee\AppData\Local\Programs\MiKTeX\tex/latex/xcolor\xcolor.sty
Package: xcolor 2024/09/29 v3.02 LaTeX color extensions (UK)

(C:\Users\DHLee\AppData\Local\Programs\MiKTeX\tex/latex/graphics-cfg\color.cfg
File: color.cfg 2016/01/02 v1.6 sample color configuration
)
Package xcolor Info: Driver file: xetex.def on input line 274.
(C:\Users\DHLee\AppData\Local\Programs\MiKTeX\tex/latex/graphics\mathcolor.ltx)
Package xcolor Info: Model `cmy' substituted by `cmy0' on input line 1349.
Package xcolor Info: Model `RGB' extended on input line 1365.
Package xcolor Info: Model `HTML' substituted by `rgb' on input line 1367.
Package xcolor Info: Model `Hsb' substituted by `hsb' on input line 1368.
Package xcolor Info: Model `tHsb' substituted by `hsb' on input line 1369.
Package xcolor Info: Model `HSB' substituted by `hsb' on input line 1370.
Package xcolor Info: Model `Gray' substituted by `gray' on input line 1371.
Package xcolor Info: Model `wave' substituted by `hsb' on input line 1372.
) (C:\Users\DHLee\AppData\Local\Programs\MiKTeX\tex/latex/float\float.sty
Package: float 2001/11/08 v1.3d Float enhancements (AL)
\c@float@type=\count376
\float@exts=\toks35
\float@box=\box59
\@float@everytoks=\toks36
\@floatcapt=\box60
)
(C:\Users\DHLee\AppData\Local\Programs\MiKTeX\tex/latex/enumitem\enumitem.sty
Package: enumitem 2025/02/06 v3.11 Customized lists
\labelindent=\skip90
\enit@outerparindent=\dimen261
\enit@toks=\toks37
\enit@inbox=\box61
\enit@count@id=\count377
\enitdp@description=\count378
)
(C:\Users\DHLee\AppData\Local\Programs\MiKTeX\tex/latex/pgf/frontendlayer\tikz.
sty
(C:\Users\DHLee\AppData\Local\Programs\MiKTeX\tex/latex/pgf/basiclayer\pgf.sty
(C:\Users\DHLee\AppData\Local\Programs\MiKTeX\tex/latex/pgf/utilities\pgfrcs.st
y
(C:\Users\DHLee\AppData\Local\Programs\MiKTeX\tex/generic/pgf/utilities\pgfutil
-common.tex
\pgfutil@everybye=\toks38
\pgfutil@tempdima=\dimen262
\pgfutil@tempdimb=\dimen263
)
(C:\Users\DHLee\AppData\Local\Programs\MiKTeX\tex/generic/pgf/utilities\pgfutil
-latex.def
\pgfutil@abb=\box62
)
(C:\Users\DHLee\AppData\Local\Programs\MiKTeX\tex/generic/pgf/utilities\pgfrcs.
code.tex
(C:\Users\DHLee\AppData\Local\Programs\MiKTeX\tex/generic/pgf\pgf.revision.tex)
Package: pgfrcs 2023-01-15 v3.1.10 (3.1.10)
))
Package: pgf 2023-01-15 v3.1.10 (3.1.10)

(C:\Users\DHLee\AppData\Local\Programs\MiKTeX\tex/latex/pgf/basiclayer\pgfcore.
sty
(C:\Users\DHLee\AppData\Local\Programs\MiKTeX\tex/latex/pgf/systemlayer\pgfsys.
sty
(C:\Users\DHLee\AppData\Local\Programs\MiKTeX\tex/generic/pgf/systemlayer\pgfsy
s.code.tex
Package: pgfsys 2023-01-15 v3.1.10 (3.1.10)

(C:\Users\DHLee\AppData\Local\Programs\MiKTeX\tex/generic/pgf/utilities\pgfkeys
.code.tex
\pgfkeys@pathtoks=\toks39
\pgfkeys@temptoks=\toks40

(C:\Users\DHLee\AppData\Local\Programs\MiKTeX\tex/generic/pgf/utilities\pgfkeys
libraryfiltered.code.tex
\pgfkeys@tmptoks=\toks41
))
\pgf@x=\dimen264
\pgf@y=\dimen265
\pgf@xa=\dimen266
\pgf@ya=\dimen267
\pgf@xb=\dimen268
\pgf@yb=\dimen269
\pgf@xc=\dimen270
\pgf@yc=\dimen271
\pgf@xd=\dimen272
\pgf@yd=\dimen273
\w@pgf@writea=\write3
\r@pgf@reada=\read2
\c@pgf@counta=\count379
\c@pgf@countb=\count380
\c@pgf@countc=\count381
\c@pgf@countd=\count382
\t@pgf@toka=\toks42
\t@pgf@tokb=\toks43
\t@pgf@tokc=\toks44
\pgf@sys@id@count=\count383

(C:\Users\DHLee\AppData\Local\Programs\MiKTeX\tex/generic/pgf/systemlayer\pgf.c
fg
File: pgf.cfg 2023-01-15 v3.1.10 (3.1.10)
)
Driver file for pgf: pgfsys-xetex.def

(C:\Users\DHLee\AppData\Local\Programs\MiKTeX\tex/generic/pgf/systemlayer\pgfsy
s-xetex.def
File: pgfsys-xetex.def 2023-01-15 v3.1.10 (3.1.10)

(C:\Users\DHLee\AppData\Local\Programs\MiKTeX\tex/generic/pgf/systemlayer\pgfsy
s-dvipdfmx.def
File: pgfsys-dvipdfmx.def 2023-01-15 v3.1.10 (3.1.10)

(C:\Users\DHLee\AppData\Local\Programs\MiKTeX\tex/generic/pgf/systemlayer\pgfsy
s-common-pdf.def
File: pgfsys-common-pdf.def 2023-01-15 v3.1.10 (3.1.10)
)
\pgfsys@objnum=\count384
)))
(C:\Users\DHLee\AppData\Local\Programs\MiKTeX\tex/generic/pgf/systemlayer\pgfsy
ssoftpath.code.tex
File: pgfsyssoftpath.code.tex 2023-01-15 v3.1.10 (3.1.10)
\pgfsyssoftpath@smallbuffer@items=\count385
\pgfsyssoftpath@bigbuffer@items=\count386
)
(C:\Users\DHLee\AppData\Local\Programs\MiKTeX\tex/generic/pgf/systemlayer\pgfsy
sprotocol.code.tex
File: pgfsysprotocol.code.tex 2023-01-15 v3.1.10 (3.1.10)
))
(C:\Users\DHLee\AppData\Local\Programs\MiKTeX\tex/generic/pgf/basiclayer\pgfcor
e.code.tex
Package: pgfcore 2023-01-15 v3.1.10 (3.1.10)

(C:\Users\DHLee\AppData\Local\Programs\MiKTeX\tex/generic/pgf/math\pgfmath.code
.tex
(C:\Users\DHLee\AppData\Local\Programs\MiKTeX\tex/generic/pgf/math\pgfmathutil.
code.tex)
(C:\Users\DHLee\AppData\Local\Programs\MiKTeX\tex/generic/pgf/math\pgfmathparse
r.code.tex
\pgfmath@dimen=\dimen274
\pgfmath@count=\count387
\pgfmath@box=\box63
\pgfmath@toks=\toks45
\pgfmath@stack@operand=\toks46
\pgfmath@stack@operation=\toks47
)
(C:\Users\DHLee\AppData\Local\Programs\MiKTeX\tex/generic/pgf/math\pgfmathfunct
ions.code.tex)
(C:\Users\DHLee\AppData\Local\Programs\MiKTeX\tex/generic/pgf/math\pgfmathfunct
ions.basic.code.tex)
(C:\Users\DHLee\AppData\Local\Programs\MiKTeX\tex/generic/pgf/math\pgfmathfunct
ions.trigonometric.code.tex)
(C:\Users\DHLee\AppData\Local\Programs\MiKTeX\tex/generic/pgf/math\pgfmathfunct
ions.random.code.tex)
(C:\Users\DHLee\AppData\Local\Programs\MiKTeX\tex/generic/pgf/math\pgfmathfunct
ions.comparison.code.tex)
(C:\Users\DHLee\AppData\Local\Programs\MiKTeX\tex/generic/pgf/math\pgfmathfunct
ions.base.code.tex)
(C:\Users\DHLee\AppData\Local\Programs\MiKTeX\tex/generic/pgf/math\pgfmathfunct
ions.round.code.tex)
(C:\Users\DHLee\AppData\Local\Programs\MiKTeX\tex/generic/pgf/math\pgfmathfunct
ions.misc.code.tex)
(C:\Users\DHLee\AppData\Local\Programs\MiKTeX\tex/generic/pgf/math\pgfmathfunct
ions.integerarithmetics.code.tex)
(C:\Users\DHLee\AppData\Local\Programs\MiKTeX\tex/generic/pgf/math\pgfmathcalc.
code.tex)
(C:\Users\DHLee\AppData\Local\Programs\MiKTeX\tex/generic/pgf/math\pgfmathfloat
.code.tex
\c@pgfmathroundto@lastzeros=\count388
))
(C:\Users\DHLee\AppData\Local\Programs\MiKTeX\tex/generic/pgf/math\pgfint.code.
tex)
(C:\Users\DHLee\AppData\Local\Programs\MiKTeX\tex/generic/pgf/basiclayer\pgfcor
epoints.code.tex
File: pgfcorepoints.code.tex 2023-01-15 v3.1.10 (3.1.10)
\pgf@picminx=\dimen275
\pgf@picmaxx=\dimen276
\pgf@picminy=\dimen277
\pgf@picmaxy=\dimen278
\pgf@pathminx=\dimen279
\pgf@pathmaxx=\dimen280
\pgf@pathminy=\dimen281
\pgf@pathmaxy=\dimen282
\pgf@xx=\dimen283
\pgf@xy=\dimen284
\pgf@yx=\dimen285
\pgf@yy=\dimen286
\pgf@zx=\dimen287
\pgf@zy=\dimen288
)
(C:\Users\DHLee\AppData\Local\Programs\MiKTeX\tex/generic/pgf/basiclayer\pgfcor
epathconstruct.code.tex
File: pgfcorepathconstruct.code.tex 2023-01-15 v3.1.10 (3.1.10)
\pgf@path@lastx=\dimen289
\pgf@path@lasty=\dimen290
)
(C:\Users\DHLee\AppData\Local\Programs\MiKTeX\tex/generic/pgf/basiclayer\pgfcor
epathusage.code.tex
File: pgfcorepathusage.code.tex 2023-01-15 v3.1.10 (3.1.10)
\pgf@shorten@end@additional=\dimen291
\pgf@shorten@start@additional=\dimen292
)
(C:\Users\DHLee\AppData\Local\Programs\MiKTeX\tex/generic/pgf/basiclayer\pgfcor
escopes.code.tex
File: pgfcorescopes.code.tex 2023-01-15 v3.1.10 (3.1.10)
\pgfpic=\box64
\pgf@hbox=\box65
\pgf@layerbox@main=\box66
\pgf@picture@serial@count=\count389
)
(C:\Users\DHLee\AppData\Local\Programs\MiKTeX\tex/generic/pgf/basiclayer\pgfcor
egraphicstate.code.tex
File: pgfcoregraphicstate.code.tex 2023-01-15 v3.1.10 (3.1.10)
\pgflinewidth=\dimen293
)
(C:\Users\DHLee\AppData\Local\Programs\MiKTeX\tex/generic/pgf/basiclayer\pgfcor
etransformations.code.tex
File: pgfcoretransformations.code.tex 2023-01-15 v3.1.10 (3.1.10)
\pgf@pt@x=\dimen294
\pgf@pt@y=\dimen295
\pgf@pt@temp=\dimen296
)
(C:\Users\DHLee\AppData\Local\Programs\MiKTeX\tex/generic/pgf/basiclayer\pgfcor
equick.code.tex
File: pgfcorequick.code.tex 2023-01-15 v3.1.10 (3.1.10)
)
(C:\Users\DHLee\AppData\Local\Programs\MiKTeX\tex/generic/pgf/basiclayer\pgfcor
eobjects.code.tex
File: pgfcoreobjects.code.tex 2023-01-15 v3.1.10 (3.1.10)
)
(C:\Users\DHLee\AppData\Local\Programs\MiKTeX\tex/generic/pgf/basiclayer\pgfcor
epathprocessing.code.tex
File: pgfcorepathprocessing.code.tex 2023-01-15 v3.1.10 (3.1.10)
)
(C:\Users\DHLee\AppData\Local\Programs\MiKTeX\tex/generic/pgf/basiclayer\pgfcor
earrows.code.tex
File: pgfcorearrows.code.tex 2023-01-15 v3.1.10 (3.1.10)
\pgfarrowsep=\dimen297
)
(C:\Users\DHLee\AppData\Local\Programs\MiKTeX\tex/generic/pgf/basiclayer\pgfcor
eshade.code.tex
File: pgfcoreshade.code.tex 2023-01-15 v3.1.10 (3.1.10)
\pgf@max=\dimen298
\pgf@sys@shading@range@num=\count390
\pgf@shadingcount=\count391
)
(C:\Users\DHLee\AppData\Local\Programs\MiKTeX\tex/generic/pgf/basiclayer\pgfcor
eimage.code.tex
File: pgfcoreimage.code.tex 2023-01-15 v3.1.10 (3.1.10)
)
(C:\Users\DHLee\AppData\Local\Programs\MiKTeX\tex/generic/pgf/basiclayer\pgfcor
eexternal.code.tex
File: pgfcoreexternal.code.tex 2023-01-15 v3.1.10 (3.1.10)
\pgfexternal@startupbox=\box67
)
(C:\Users\DHLee\AppData\Local\Programs\MiKTeX\tex/generic/pgf/basiclayer\pgfcor
elayers.code.tex
File: pgfcorelayers.code.tex 2023-01-15 v3.1.10 (3.1.10)
)
(C:\Users\DHLee\AppData\Local\Programs\MiKTeX\tex/generic/pgf/basiclayer\pgfcor
etransparency.code.tex
File: pgfcoretransparency.code.tex 2023-01-15 v3.1.10 (3.1.10)
)
(C:\Users\DHLee\AppData\Local\Programs\MiKTeX\tex/generic/pgf/basiclayer\pgfcor
epatterns.code.tex
File: pgfcorepatterns.code.tex 2023-01-15 v3.1.10 (3.1.10)
)
(C:\Users\DHLee\AppData\Local\Programs\MiKTeX\tex/generic/pgf/basiclayer\pgfcor
erdf.code.tex
File: pgfcorerdf.code.tex 2023-01-15 v3.1.10 (3.1.10)
)))
(C:\Users\DHLee\AppData\Local\Programs\MiKTeX\tex/generic/pgf/modules\pgfmodule
shapes.code.tex
File: pgfmoduleshapes.code.tex 2023-01-15 v3.1.10 (3.1.10)
\pgfnodeparttextbox=\box68
)
(C:\Users\DHLee\AppData\Local\Programs\MiKTeX\tex/generic/pgf/modules\pgfmodule
plot.code.tex
File: pgfmoduleplot.code.tex 2023-01-15 v3.1.10 (3.1.10)
)
(C:\Users\DHLee\AppData\Local\Programs\MiKTeX\tex/latex/pgf/compatibility\pgfco
mp-version-0-65.sty
Package: pgfcomp-version-0-65 2023-01-15 v3.1.10 (3.1.10)
\pgf@nodesepstart=\dimen299
\pgf@nodesepend=\dimen300
)
(C:\Users\DHLee\AppData\Local\Programs\MiKTeX\tex/latex/pgf/compatibility\pgfco
mp-version-1-18.sty
Package: pgfcomp-version-1-18 2023-01-15 v3.1.10 (3.1.10)
))
(C:\Users\DHLee\AppData\Local\Programs\MiKTeX\tex/latex/pgf/utilities\pgffor.st
y
(C:\Users\DHLee\AppData\Local\Programs\MiKTeX\tex/latex/pgf/utilities\pgfkeys.s
ty
(C:\Users\DHLee\AppData\Local\Programs\MiKTeX\tex/generic/pgf/utilities\pgfkeys
.code.tex))
(C:\Users\DHLee\AppData\Local\Programs\MiKTeX\tex/latex/pgf/math\pgfmath.sty
(C:\Users\DHLee\AppData\Local\Programs\MiKTeX\tex/generic/pgf/math\pgfmath.code
.tex))
(C:\Users\DHLee\AppData\Local\Programs\MiKTeX\tex/generic/pgf/utilities\pgffor.
code.tex
Package: pgffor 2023-01-15 v3.1.10 (3.1.10)
\pgffor@iter=\dimen301
\pgffor@skip=\dimen302
\pgffor@stack=\toks48
\pgffor@toks=\toks49
))
(C:\Users\DHLee\AppData\Local\Programs\MiKTeX\tex/generic/pgf/frontendlayer/tik
z\tikz.code.tex
Package: tikz 2023-01-15 v3.1.10 (3.1.10)

(C:\Users\DHLee\AppData\Local\Programs\MiKTeX\tex/generic/pgf/libraries\pgflibr
aryplothandlers.code.tex
File: pgflibraryplothandlers.code.tex 2023-01-15 v3.1.10 (3.1.10)
\pgf@plot@mark@count=\count392
\pgfplotmarksize=\dimen303
)
\tikz@lastx=\dimen304
\tikz@lasty=\dimen305
\tikz@lastxsaved=\dimen306
\tikz@lastysaved=\dimen307
\tikz@lastmovetox=\dimen308
\tikz@lastmovetoy=\dimen309
\tikzleveldistance=\dimen310
\tikzsiblingdistance=\dimen311
\tikz@figbox=\box69
\tikz@figbox@bg=\box70
\tikz@tempbox=\box71
\tikz@tempbox@bg=\box72
\tikztreelevel=\count393
\tikznumberofchildren=\count394
\tikznumberofcurrentchild=\count395
\tikz@fig@count=\count396

(C:\Users\DHLee\AppData\Local\Programs\MiKTeX\tex/generic/pgf/modules\pgfmodule
matrix.code.tex
File: pgfmodulematrix.code.tex 2023-01-15 v3.1.10 (3.1.10)
\pgfmatrixcurrentrow=\count397
\pgfmatrixcurrentcolumn=\count398
\pgf@matrix@numberofcolumns=\count399
)
\tikz@expandcount=\count400

(C:\Users\DHLee\AppData\Local\Programs\MiKTeX\tex/generic/pgf/frontendlayer/tik
z/libraries\tikzlibrarytopaths.code.tex
File: tikzlibrarytopaths.code.tex 2023-01-15 v3.1.10 (3.1.10)
)))
(C:\Users\DHLee\AppData\Local\Programs\MiKTeX\tex/generic/pgf/frontendlayer/tik
z/libraries\tikzlibrarycalc.code.tex
File: tikzlibrarycalc.code.tex 2023-01-15 v3.1.10 (3.1.10)
)
(C:\Users\DHLee\AppData\Local\Programs\MiKTeX\tex/latex/mathtools\mathtools.sty
Package: mathtools 2024/10/04 v1.31 mathematical typesetting tools
(C:\Users\DHLee\AppData\Local\Programs\MiKTeX\tex/latex/tools\calc.sty
Package: calc 2025/03/01 v4.3b Infix arithmetic (KKT,FJ)
\calc@Acount=\count401
\calc@Bcount=\count402
\calc@Adimen=\dimen312
\calc@Bdimen=\dimen313
\calc@Askip=\skip91
\calc@Bskip=\skip92
LaTeX Info: Redefining \setlength on input line 86.
LaTeX Info: Redefining \addtolength on input line 87.
\calc@Ccount=\count403
\calc@Cskip=\skip93
)
(C:\Users\DHLee\AppData\Local\Programs\MiKTeX\tex/latex/mathtools\mhsetup.sty
Package: mhsetup 2021/03/18 v1.4 programming setup (MH)
)
\g_MT_multlinerow_int=\count404
\l_MT_multwidth_dim=\dimen314
\origjot=\skip94
\l_MT_shortvdotswithinadjustabove_dim=\dimen315
\l_MT_shortvdotswithinadjustbelow_dim=\dimen316
\l_MT_above_intertext_sep=\dimen317
\l_MT_below_intertext_sep=\dimen318
\l_MT_above_shortintertext_sep=\dimen319
\l_MT_below_shortintertext_sep=\dimen320
\xmathstrut@box=\box73
\xmathstrut@dim=\dimen321
) (C:\Users\DHLee\AppData\Local\Programs\MiKTeX\tex/latex/lipsum\lipsum.sty
(C:\Users\DHLee\AppData\Local\Programs\MiKTeX\tex/latex/l3packages/l3keys2e\l3k
eys2e.sty
Package: l3keys2e 2024-08-16 LaTeX2e option processing using LaTeX3 keys
)
Package: lipsum 2021-09-20 v2.7 150 paragraphs of Lorem Ipsum dummy text
\g__lipsum_par_int=\count405
\l__lipsum_a_int=\count406
\l__lipsum_b_int=\count407

(C:\Users\DHLee\AppData\Local\Programs\MiKTeX\tex/latex/lipsum\lipsum.ltd.tex))

(C:\Users\DHLee\AppData\Local\Programs\MiKTeX\tex/latex/pgfornament\pgfornament
.sty
(C:\Users\DHLee\AppData\Local\Programs\MiKTeX\tex/latex/pgfopts\pgfopts.sty
Package: pgfopts 2014/07/10 v2.1a LaTeX package options with pgfkeys
\pgfopts@list@add@a@toks=\toks50
\pgfopts@list@add@b@toks=\toks51
)
Package: pgfornament 2024/08/14 v1.3 vector ornaments

(C:\Users\DHLee\AppData\Local\Programs\MiKTeX\tex/latex/pgfornament\pgflibraryv
ectorian.code.tex
2020/04/06 1.1 pgflibraryvectorian.code.tex
)) (C:\Users\DHLee\AppData\Local\Programs\MiKTeX\tex/latex/tools\multicol.sty
Package: multicol 2025/05/25 v2.0a multicolumn formatting (FMi)
\c@tracingmulticols=\count408
\mult@box=\box74
\multicol@leftmargin=\dimen322
\c@unbalance=\count409
\c@collectmore=\count410
\doublecol@number=\count411
\multicoltolerance=\count412
\multicolpretolerance=\count413
\full@width=\dimen323
\page@free=\dimen324
\premulticols=\dimen325
\postmulticols=\dimen326
\multicolsep=\skip95
\multicolbaselineskip=\skip96
\partial@page=\box75
\last@line=\box76
\mc@boxedresult=\box77
\maxbalancingoverflow=\dimen327
\mult@rightbox=\box78
\mult@grightbox=\box79
\mult@firstbox=\box80
\mult@gfirstbox=\box81
\@tempa=\box82
\@tempa=\box83
\@tempa=\box84
\@tempa=\box85
\@tempa=\box86
\@tempa=\box87
\@tempa=\box88
\@tempa=\box89
\@tempa=\box90
\@tempa=\box91
\@tempa=\box92
\@tempa=\box93
\@tempa=\box94
\@tempa=\box95
\@tempa=\box96
\@tempa=\box97
\@tempa=\box98
\@tempa=\box99
\@tempa=\box100
\@tempa=\box101
\@tempa=\box102
\@tempa=\box103
\@tempa=\box104
\@tempa=\box105
\@tempa=\box106
\@tempa=\box107
\@tempa=\box108
\@tempa=\box109
\@tempa=\box110
\@tempa=\box111
\@tempa=\box112
\@tempa=\box113
\@tempa=\box114
\@tempa=\box115
\@tempa=\box116
\@tempa=\box117
\c@minrows=\count414
\c@columnbadness=\count415
\c@finalcolumnbadness=\count416
\last@try=\dimen328
\multicolovershoot=\dimen329
\multicolundershoot=\dimen330
\mult@nat@firstbox=\box118
\colbreak@box=\box119
\mc@col@check@num=\count417
\g__mc_curr_col_int=\count418
)
(C:\Users\DHLee\AppData\Local\Programs\MiKTeX\tex/latex/worldflags\worldflags.s
ty (C:\Users\DHLee\AppData\Local\Programs\MiKTeX\tex/latex/etex-pkg\etex.sty
Package: etex 2016/08/01 v2.7 eTeX basic definition package (PEB,DPC)


Package etex Warning: Extended allocation already in use.
(etex)                etex.sty code will not be used.
(etex)                To force etex package to load, add
(etex)                \RequirePackage{etex}
(etex)                at the start of the document.

) (C:\Users\DHLee\AppData\Local\Programs\MiKTeX\tex/latex/xkeyval\xkeyval.sty
Package: xkeyval 2022/06/16 v2.9 package option processing (HA)

(C:\Users\DHLee\AppData\Local\Programs\MiKTeX\tex/generic/xkeyval\xkeyval.tex
(C:\Users\DHLee\AppData\Local\Programs\MiKTeX\tex/generic/xkeyval\xkvutils.tex
\XKV@toks=\toks52
\XKV@tempa@toks=\toks53
)
\XKV@depth=\count419
File: xkeyval.tex 2014/12/03 v2.7a key=value parser (HA)
))
(C:\Users\DHLee\AppData\Local\Programs\MiKTeX\tex/generic/pgf/frontendlayer/tik
z/libraries\tikzlibraryshadows.code.tex
File: tikzlibraryshadows.code.tex 2023-01-15 v3.1.10 (3.1.10)

(C:\Users\DHLee\AppData\Local\Programs\MiKTeX\tex/generic/pgf/frontendlayer/tik
z/libraries\tikzlibraryfadings.code.tex
File: tikzlibraryfadings.code.tex 2023-01-15 v3.1.10 (3.1.10)

(C:\Users\DHLee\AppData\Local\Programs\MiKTeX\tex/generic/pgf/libraries\pgflibr
aryfadings.code.tex
File: pgflibraryfadings.code.tex 2023-01-15 v3.1.10 (3.1.10)
)))
(C:\Users\DHLee\AppData\Local\Programs\MiKTeX\tex/generic/pgf/frontendlayer/tik
z/libraries\tikzlibraryshapes.code.tex
File: tikzlibraryshapes.code.tex 2023-01-15 v3.1.10 (3.1.10)

(C:\Users\DHLee\AppData\Local\Programs\MiKTeX\tex/generic/pgf/frontendlayer/tik
z/libraries\tikzlibraryshapes.geometric.code.tex
File: tikzlibraryshapes.geometric.code.tex 2023-01-15 v3.1.10 (3.1.10)

(C:\Users\DHLee\AppData\Local\Programs\MiKTeX\tex/generic/pgf/libraries/shapes\
pgflibraryshapes.geometric.code.tex
File: pgflibraryshapes.geometric.code.tex 2023-01-15 v3.1.10 (3.1.10)
))
(C:\Users\DHLee\AppData\Local\Programs\MiKTeX\tex/generic/pgf/frontendlayer/tik
z/libraries\tikzlibraryshapes.misc.code.tex
File: tikzlibraryshapes.misc.code.tex 2023-01-15 v3.1.10 (3.1.10)

(C:\Users\DHLee\AppData\Local\Programs\MiKTeX\tex/generic/pgf/libraries/shapes\
pgflibraryshapes.misc.code.tex
File: pgflibraryshapes.misc.code.tex 2023-01-15 v3.1.10 (3.1.10)
))
(C:\Users\DHLee\AppData\Local\Programs\MiKTeX\tex/generic/pgf/frontendlayer/tik
z/libraries\tikzlibraryshapes.symbols.code.tex
File: tikzlibraryshapes.symbols.code.tex 2023-01-15 v3.1.10 (3.1.10)

(C:\Users\DHLee\AppData\Local\Programs\MiKTeX\tex/generic/pgf/libraries/shapes\
pgflibraryshapes.symbols.code.tex
File: pgflibraryshapes.symbols.code.tex 2023-01-15 v3.1.10 (3.1.10)
))
(C:\Users\DHLee\AppData\Local\Programs\MiKTeX\tex/generic/pgf/frontendlayer/tik
z/libraries\tikzlibraryshapes.arrows.code.tex
File: tikzlibraryshapes.arrows.code.tex 2023-01-15 v3.1.10 (3.1.10)

(C:\Users\DHLee\AppData\Local\Programs\MiKTeX\tex/generic/pgf/libraries/shapes\
pgflibraryshapes.arrows.code.tex
File: pgflibraryshapes.arrows.code.tex 2023-01-15 v3.1.10 (3.1.10)
))
(C:\Users\DHLee\AppData\Local\Programs\MiKTeX\tex/generic/pgf/frontendlayer/tik
z/libraries\tikzlibraryshapes.callouts.code.tex
(C:\Users\DHLee\AppData\Local\Programs\MiKTeX\tex/generic/pgf/libraries/shapes\
pgflibraryshapes.callouts.code.tex))
(C:\Users\DHLee\AppData\Local\Programs\MiKTeX\tex/generic/pgf/frontendlayer/tik
z/libraries\tikzlibraryshapes.multipart.code.tex
File: tikzlibraryshapes.multipart.code.tex 2023-01-15 v3.1.10 (3.1.10)

(C:\Users\DHLee\AppData\Local\Programs\MiKTeX\tex/generic/pgf/libraries/shapes\
pgflibraryshapes.multipart.code.tex
File: pgflibraryshapes.multipart.code.tex 2023-01-15 v3.1.10 (3.1.10)
\pgfnodepartlowerbox=\box120
\pgfnodeparttwobox=\box121
\pgfnodepartthreebox=\box122
\pgfnodepartfourbox=\box123
\pgfnodeparttwentybox=\box124
\pgfnodepartnineteenbox=\box125
\pgfnodeparteighteenbox=\box126
\pgfnodepartseventeenbox=\box127
\pgfnodepartsixteenbox=\box128
\pgfnodepartfifteenbox=\box129
\pgfnodepartfourteenbox=\box130
\pgfnodepartthirteenbox=\box131
\pgfnodeparttwelvebox=\box132
\pgfnodepartelevenbox=\box133
\pgfnodeparttenbox=\box134
\pgfnodepartninebox=\box135
\pgfnodeparteightbox=\box136
\pgfnodepartsevenbox=\box137
\pgfnodepartsixbox=\box138
\pgfnodepartfivebox=\box139
)))
(C:\Users\DHLee\AppData\Local\Programs\MiKTeX\tex/generic/pgf/frontendlayer/tik
z/libraries\tikzlibrarypositioning.code.tex
File: tikzlibrarypositioning.code.tex 2023-01-15 v3.1.10 (3.1.10)
)
(C:\Users\DHLee\AppData\Local\Programs\MiKTeX\tex/generic/pgf/frontendlayer/tik
z/libraries\tikzlibrarymath.code.tex
(C:\Users\DHLee\AppData\Local\Programs\MiKTeX\tex/generic/pgf/frontendlayer/tik
z/libraries\tikzlibraryfpu.code.tex
(C:\Users\DHLee\AppData\Local\Programs\MiKTeX\tex/generic/pgf/libraries\pgflibr
aryfpu.code.tex))
\tikz@math@for@depth=\count420
\tikz@math@dimen=\dimen331
\tikz@math@toks=\toks54
)
(C:\Users\DHLee\AppData\Local\Programs\MiKTeX\tex/generic/pgf/frontendlayer/tik
z/libraries\tikzlibrarydecorations.text.code.tex
(C:\Users\DHLee\AppData\Local\Programs\MiKTeX\tex/generic/pgf/frontendlayer/tik
z/libraries\tikzlibrarydecorations.code.tex
(C:\Users\DHLee\AppData\Local\Programs\MiKTeX\tex/generic/pgf/modules\pgfmodule
decorations.code.tex
\pgfdecoratedcompleteddistance=\dimen332
\pgfdecoratedremainingdistance=\dimen333
\pgfdecoratedinputsegmentcompleteddistance=\dimen334
\pgfdecoratedinputsegmentremainingdistance=\dimen335
\pgf@decorate@distancetomove=\dimen336
\pgf@decorate@repeatstate=\count421
\pgfdecorationsegmentamplitude=\dimen337
\pgfdecorationsegmentlength=\dimen338
)
\tikz@lib@dec@box=\box140
)
(C:\Users\DHLee\AppData\Local\Programs\MiKTeX\tex/generic/pgf/libraries/decorat
ions\pgflibrarydecorations.text.code.tex
\pgf@lib@dec@text@box=\box141
)
\tikz@lib@dec@te@box=\box142
)
\fl@gwidth=\dimen339
\fl@glength=\dimen340
\fl@gframe=\dimen341
)

Package fontspec Info: 
(fontspec)             Could not resolve font "KaiTi/BI" (it probably doesn't
(fontspec)             exist).


Package fontspec Info: 
(fontspec)             Could not resolve font "KaiTi/B" (it probably doesn't
(fontspec)             exist).


Package fontspec Info: 
(fontspec)             Could not resolve font "KaiTi/I" (it probably doesn't
(fontspec)             exist).


Package fontspec Info: 
(fontspec)             Font family 'KaiTi(0)' created for font 'KaiTi' with
(fontspec)             options [Script={CJK}].
(fontspec)              
(fontspec)              This font family consists of the following NFSS
(fontspec)             series/shapes:
(fontspec)              
(fontspec)             - 'normal' (m/n) with NFSS spec.:
(fontspec)             <->"KaiTi/OT:script=hani;language=dflt;"

 (main.aux (代数.aux

LaTeX Warning: Label `question@1' multiply defined.


LaTeX Warning: Label `part@1@1' multiply defined.


LaTeX Warning: Label `part@1@2' multiply defined.


LaTeX Warning: Label `question@2' multiply defined.


LaTeX Warning: Label `question@3' multiply defined.


LaTeX Warning: Label `question@4' multiply defined.


LaTeX Warning: Label `question@5' multiply defined.


LaTeX Warning: Label `question@6' multiply defined.


LaTeX Warning: Label `question@7' multiply defined.


LaTeX Warning: Label `question@8' multiply defined.


LaTeX Warning: Label `question@9' multiply defined.


LaTeX Warning: Label `question@10' multiply defined.


LaTeX Warning: Label `question@11' multiply defined.


LaTeX Warning: Label `question@12' multiply defined.


LaTeX Warning: Label `question@13' multiply defined.


LaTeX Warning: Label `question@14' multiply defined.


LaTeX Warning: Label `question@15' multiply defined.


LaTeX Warning: Label `question@16' multiply defined.


LaTeX Warning: Label `question@17' multiply defined.


LaTeX Warning: Label `question@18' multiply defined.


LaTeX Warning: Label `question@19' multiply defined.


LaTeX Warning: Label `question@20' multiply defined.


LaTeX Warning: Label `question@21' multiply defined.


LaTeX Warning: Label `question@22' multiply defined.


LaTeX Warning: Label `question@23' multiply defined.


LaTeX Warning: Label `question@24' multiply defined.


LaTeX Warning: Label `question@25' multiply defined.


LaTeX Warning: Label `question@26' multiply defined.


LaTeX Warning: Label `question@27' multiply defined.


LaTeX Warning: Label `question@28' multiply defined.


LaTeX Warning: Label `question@1' multiply defined.


LaTeX Warning: Label `question@2' multiply defined.


LaTeX Warning: Label `question@3' multiply defined.


LaTeX Warning: Label `question@4' multiply defined.


LaTeX Warning: Label `question@5' multiply defined.


LaTeX Warning: Label `question@6' multiply defined.


LaTeX Warning: Label `question@7' multiply defined.


LaTeX Warning: Label `question@8' multiply defined.


LaTeX Warning: Label `question@9' multiply defined.


LaTeX Warning: Label `question@10' multiply defined.


LaTeX Warning: Label `question@11' multiply defined.


LaTeX Warning: Label `question@12' multiply defined.


LaTeX Warning: Label `question@13' multiply defined.


LaTeX Warning: Label `question@14' multiply defined.


LaTeX Warning: Label `question@15' multiply defined.


LaTeX Warning: Label `question@16' multiply defined.


LaTeX Warning: Label `question@17' multiply defined.


LaTeX Warning: Label `question@18' multiply defined.


LaTeX Warning: Label `question@19' multiply defined.


LaTeX Warning: Label `question@20' multiply defined.


LaTeX Warning: Label `question@21' multiply defined.


LaTeX Warning: Label `question@22' multiply defined.


LaTeX Warning: Label `question@23' multiply defined.


LaTeX Warning: Label `question@24' multiply defined.


LaTeX Warning: Label `question@25' multiply defined.


LaTeX Warning: Label `question@26' multiply defined.


LaTeX Warning: Label `question@27' multiply defined.


LaTeX Warning: Label `question@28' multiply defined.


LaTeX Warning: Label `question@29' multiply defined.


LaTeX Warning: Label `question@30' multiply defined.


LaTeX Warning: Label `question@31' multiply defined.


LaTeX Warning: Label `question@32' multiply defined.


LaTeX Warning: Label `question@33' multiply defined.


LaTeX Warning: Label `question@34' multiply defined.


LaTeX Warning: Label `question@35' multiply defined.


LaTeX Warning: Label `question@36' multiply defined.


LaTeX Warning: Label `question@1' multiply defined.


LaTeX Warning: Label `question@2' multiply defined.


LaTeX Warning: Label `question@3' multiply defined.


LaTeX Warning: Label `question@4' multiply defined.


LaTeX Warning: Label `question@5' multiply defined.


LaTeX Warning: Label `question@6' multiply defined.


LaTeX Warning: Label `question@7' multiply defined.


LaTeX Warning: Label `question@8' multiply defined.


LaTeX Warning: Label `question@9' multiply defined.


LaTeX Warning: Label `question@10' multiply defined.


LaTeX Warning: Label `question@11' multiply defined.


LaTeX Warning: Label `question@12' multiply defined.


LaTeX Warning: Label `question@13' multiply defined.


LaTeX Warning: Label `question@14' multiply defined.


LaTeX Warning: Label `question@15' multiply defined.


LaTeX Warning: Label `question@16' multiply defined.


LaTeX Warning: Label `question@17' multiply defined.


LaTeX Warning: Label `question@18' multiply defined.


LaTeX Warning: Label `question@19' multiply defined.


LaTeX Warning: Label `question@20' multiply defined.


LaTeX Warning: Label `question@21' multiply defined.


LaTeX Warning: Label `question@22' multiply defined.


LaTeX Warning: Label `question@23' multiply defined.


LaTeX Warning: Label `question@24' multiply defined.


LaTeX Warning: Label `question@25' multiply defined.


LaTeX Warning: Label `question@26' multiply defined.


LaTeX Warning: Label `question@27' multiply defined.


LaTeX Warning: Label `question@28' multiply defined.


LaTeX Warning: Label `question@29' multiply defined.


LaTeX Warning: Label `question@30' multiply defined.


LaTeX Warning: Label `question@31' multiply defined.


LaTeX Warning: Label `question@32' multiply defined.


LaTeX Warning: Label `question@33' multiply defined.


LaTeX Warning: Label `question@34' multiply defined.


LaTeX Warning: Label `question@35' multiply defined.


LaTeX Warning: Label `question@36' multiply defined.


LaTeX Warning: Label `question@37' multiply defined.


LaTeX Warning: Label `question@1' multiply defined.


LaTeX Warning: Label `question@2' multiply defined.


LaTeX Warning: Label `question@3' multiply defined.


LaTeX Warning: Label `question@4' multiply defined.


LaTeX Warning: Label `question@5' multiply defined.


LaTeX Warning: Label `question@6' multiply defined.


LaTeX Warning: Label `question@7' multiply defined.


LaTeX Warning: Label `question@8' multiply defined.


LaTeX Warning: Label `question@9' multiply defined.


LaTeX Warning: Label `question@10' multiply defined.


LaTeX Warning: Label `question@11' multiply defined.


LaTeX Warning: Label `question@12' multiply defined.


LaTeX Warning: Label `question@13' multiply defined.


LaTeX Warning: Label `question@14' multiply defined.


LaTeX Warning: Label `question@15' multiply defined.


LaTeX Warning: Label `question@16' multiply defined.


LaTeX Warning: Label `question@17' multiply defined.


LaTeX Warning: Label `question@18' multiply defined.


LaTeX Warning: Label `question@19' multiply defined.


LaTeX Warning: Label `question@20' multiply defined.


LaTeX Warning: Label `question@21' multiply defined.


LaTeX Warning: Label `question@22' multiply defined.


LaTeX Warning: Label `question@23' multiply defined.


LaTeX Warning: Label `question@24' multiply defined.


LaTeX Warning: Label `question@25' multiply defined.


LaTeX Warning: Label `question@26' multiply defined.


LaTeX Warning: Label `question@27' multiply defined.


LaTeX Warning: Label `question@28' multiply defined.


LaTeX Warning: Label `question@29' multiply defined.


LaTeX Warning: Label `question@30' multiply defined.


LaTeX Warning: Label `question@31' multiply defined.


LaTeX Warning: Label `question@32' multiply defined.


LaTeX Warning: Label `question@33' multiply defined.


LaTeX Warning: Label `question@34' multiply defined.


LaTeX Warning: Label `question@35' multiply defined.


LaTeX Warning: Label `question@36' multiply defined.


LaTeX Warning: Label `question@37' multiply defined.


LaTeX Warning: Label `question@38' multiply defined.


LaTeX Warning: Label `question@39' multiply defined.


LaTeX Warning: Label `question@40' multiply defined.


LaTeX Warning: Label `question@41' multiply defined.


LaTeX Warning: Label `question@42' multiply defined.


LaTeX Warning: Label `question@43' multiply defined.


LaTeX Warning: Label `question@44' multiply defined.


LaTeX Warning: Label `question@45' multiply defined.


LaTeX Warning: Label `question@46' multiply defined.


LaTeX Warning: Label `question@47' multiply defined.


LaTeX Warning: Label `part@47@1' multiply defined.


LaTeX Warning: Label `part@47@2' multiply defined.


LaTeX Warning: Label `question@48' multiply defined.


LaTeX Warning: Label `question@49' multiply defined.


LaTeX Warning: Label `question@50' multiply defined.


LaTeX Warning: Label `question@51' multiply defined.


LaTeX Warning: Label `question@52' multiply defined.


LaTeX Warning: Label `question@53' multiply defined.


LaTeX Warning: Label `question@54' multiply defined.


LaTeX Warning: Label `question@55' multiply defined.


LaTeX Warning: Label `question@56' multiply defined.


LaTeX Warning: Label `question@57' multiply defined.


LaTeX Warning: Label `question@58' multiply defined.


LaTeX Warning: Label `question@59' multiply defined.


LaTeX Warning: Label `question@60' multiply defined.


LaTeX Warning: Label `question@61' multiply defined.


LaTeX Warning: Label `question@62' multiply defined.


LaTeX Warning: Label `question@63' multiply defined.


LaTeX Warning: Label `question@64' multiply defined.


LaTeX Warning: Label `question@1' multiply defined.


LaTeX Warning: Label `part@1@1' multiply defined.


LaTeX Warning: Label `part@1@2' multiply defined.


LaTeX Warning: Label `part@1@3' multiply defined.


LaTeX Warning: Label `part@1@4' multiply defined.


LaTeX Warning: Label `part@1@5' multiply defined.


LaTeX Warning: Label `part@1@6' multiply defined.


LaTeX Warning: Label `question@2' multiply defined.


LaTeX Warning: Label `question@3' multiply defined.


LaTeX Warning: Label `question@4' multiply defined.


LaTeX Warning: Label `question@5' multiply defined.


LaTeX Warning: Label `question@6' multiply defined.


LaTeX Warning: Label `question@7' multiply defined.


LaTeX Warning: Label `question@8' multiply defined.


LaTeX Warning: Label `question@9' multiply defined.


LaTeX Warning: Label `question@10' multiply defined.


LaTeX Warning: Label `question@11' multiply defined.


LaTeX Warning: Label `question@12' multiply defined.


LaTeX Warning: Label `question@13' multiply defined.


LaTeX Warning: Label `question@14' multiply defined.


LaTeX Warning: Label `question@15' multiply defined.


LaTeX Warning: Label `question@16' multiply defined.


LaTeX Warning: Label `question@17' multiply defined.


LaTeX Warning: Label `question@18' multiply defined.


LaTeX Warning: Label `question@19' multiply defined.


LaTeX Warning: Label `question@20' multiply defined.


LaTeX Warning: Label `question@21' multiply defined.


LaTeX Warning: Label `question@22' multiply defined.


LaTeX Warning: Label `question@23' multiply defined.


LaTeX Warning: Label `question@24' multiply defined.


LaTeX Warning: Label `question@25' multiply defined.


LaTeX Warning: Label `question@26' multiply defined.


LaTeX Warning: Label `question@27' multiply defined.


LaTeX Warning: Label `question@28' multiply defined.


LaTeX Warning: Label `question@29' multiply defined.


LaTeX Warning: Label `question@30' multiply defined.


LaTeX Warning: Label `question@31' multiply defined.


LaTeX Warning: Label `question@32' multiply defined.


LaTeX Warning: Label `question@33' multiply defined.


LaTeX Warning: Label `question@34' multiply defined.


LaTeX Warning: Label `question@35' multiply defined.


LaTeX Warning: Label `question@36' multiply defined.


LaTeX Warning: Label `question@37' multiply defined.


LaTeX Warning: Label `question@38' multiply defined.


LaTeX Warning: Label `question@39' multiply defined.


LaTeX Warning: Label `question@40' multiply defined.


LaTeX Warning: Label `question@41' multiply defined.


LaTeX Warning: Label `question@42' multiply defined.


LaTeX Warning: Label `question@43' multiply defined.


LaTeX Warning: Label `question@44' multiply defined.


LaTeX Warning: Label `question@45' multiply defined.


LaTeX Warning: Label `question@46' multiply defined.


LaTeX Warning: Label `question@47' multiply defined.


LaTeX Warning: Label `question@1' multiply defined.


LaTeX Warning: Label `question@2' multiply defined.


LaTeX Warning: Label `question@3' multiply defined.


LaTeX Warning: Label `question@4' multiply defined.


LaTeX Warning: Label `question@5' multiply defined.


LaTeX Warning: Label `question@6' multiply defined.


LaTeX Warning: Label `question@7' multiply defined.


LaTeX Warning: Label `question@8' multiply defined.


LaTeX Warning: Label `question@9' multiply defined.


LaTeX Warning: Label `question@10' multiply defined.


LaTeX Warning: Label `question@11' multiply defined.


LaTeX Warning: Label `question@12' multiply defined.


LaTeX Warning: Label `question@13' multiply defined.


LaTeX Warning: Label `question@14' multiply defined.


LaTeX Warning: Label `question@15' multiply defined.


LaTeX Warning: Label `question@16' multiply defined.


LaTeX Warning: Label `question@17' multiply defined.


LaTeX Warning: Label `question@18' multiply defined.


LaTeX Warning: Label `question@19' multiply defined.


LaTeX Warning: Label `question@20' multiply defined.


LaTeX Warning: Label `question@21' multiply defined.


LaTeX Warning: Label `question@22' multiply defined.


LaTeX Warning: Label `question@23' multiply defined.


LaTeX Warning: Label `question@24' multiply defined.


LaTeX Warning: Label `question@25' multiply defined.


LaTeX Warning: Label `question@26' multiply defined.


LaTeX Warning: Label `question@27' multiply defined.


LaTeX Warning: Label `question@28' multiply defined.


LaTeX Warning: Label `question@29' multiply defined.


LaTeX Warning: Label `question@30' multiply defined.


LaTeX Warning: Label `question@31' multiply defined.


LaTeX Warning: Label `question@32' multiply defined.


LaTeX Warning: Label `question@33' multiply defined.


LaTeX Warning: Label `question@34' multiply defined.


LaTeX Warning: Label `question@35' multiply defined.


LaTeX Warning: Label `question@36' multiply defined.


LaTeX Warning: Label `question@37' multiply defined.


LaTeX Warning: Label `question@38' multiply defined.


LaTeX Warning: Label `question@39' multiply defined.


LaTeX Warning: Label `question@40' multiply defined.


LaTeX Warning: Label `question@41' multiply defined.


LaTeX Warning: Label `question@42' multiply defined.


LaTeX Warning: Label `question@43' multiply defined.


LaTeX Warning: Label `question@44' multiply defined.


LaTeX Warning: Label `question@45' multiply defined.


LaTeX Warning: Label `question@46' multiply defined.


LaTeX Warning: Label `question@47' multiply defined.


LaTeX Warning: Label `question@48' multiply defined.


LaTeX Warning: Label `question@49' multiply defined.


LaTeX Warning: Label `question@50' multiply defined.


LaTeX Warning: Label `question@51' multiply defined.


LaTeX Warning: Label `question@52' multiply defined.


LaTeX Warning: Label `question@53' multiply defined.


LaTeX Warning: Label `question@54' multiply defined.


LaTeX Warning: Label `question@55' multiply defined.


LaTeX Warning: Label `question@56' multiply defined.


LaTeX Warning: Label `question@57' multiply defined.


LaTeX Warning: Label `question@58' multiply defined.


LaTeX Warning: Label `question@59' multiply defined.


LaTeX Warning: Label `question@60' multiply defined.


LaTeX Warning: Label `question@61' multiply defined.


LaTeX Warning: Label `question@62' multiply defined.


LaTeX Warning: Label `question@63' multiply defined.


LaTeX Warning: Label `question@64' multiply defined.


LaTeX Warning: Label `question@65' multiply defined.


LaTeX Warning: Label `question@66' multiply defined.


LaTeX Warning: Label `question@67' multiply defined.


LaTeX Warning: Label `question@1' multiply defined.


LaTeX Warning: Label `question@2' multiply defined.


LaTeX Warning: Label `question@3' multiply defined.


LaTeX Warning: Label `question@4' multiply defined.


LaTeX Warning: Label `question@5' multiply defined.


LaTeX Warning: Label `question@6' multiply defined.


LaTeX Warning: Label `question@7' multiply defined.


LaTeX Warning: Label `question@8' multiply defined.


LaTeX Warning: Label `question@9' multiply defined.


LaTeX Warning: Label `question@10' multiply defined.


LaTeX Warning: Label `question@11' multiply defined.


LaTeX Warning: Label `question@12' multiply defined.


LaTeX Warning: Label `question@13' multiply defined.


LaTeX Warning: Label `question@14' multiply defined.


LaTeX Warning: Label `question@15' multiply defined.


LaTeX Warning: Label `question@16' multiply defined.


LaTeX Warning: Label `question@17' multiply defined.


LaTeX Warning: Label `question@18' multiply defined.


LaTeX Warning: Label `question@19' multiply defined.


LaTeX Warning: Label `question@20' multiply defined.


LaTeX Warning: Label `question@21' multiply defined.


LaTeX Warning: Label `question@22' multiply defined.


LaTeX Warning: Label `question@23' multiply defined.


LaTeX Warning: Label `question@24' multiply defined.


LaTeX Warning: Label `question@25' multiply defined.


LaTeX Warning: Label `question@26' multiply defined.


LaTeX Warning: Label `question@27' multiply defined.


LaTeX Warning: Label `question@28' multiply defined.


LaTeX Warning: Label `question@29' multiply defined.


LaTeX Warning: Label `question@30' multiply defined.


LaTeX Warning: Label `question@31' multiply defined.


LaTeX Warning: Label `question@32' multiply defined.


LaTeX Warning: Label `question@33' multiply defined.


LaTeX Warning: Label `question@34' multiply defined.


LaTeX Warning: Label `question@35' multiply defined.


LaTeX Warning: Label `question@36' multiply defined.


LaTeX Warning: Label `question@37' multiply defined.


LaTeX Warning: Label `question@38' multiply defined.


LaTeX Warning: Label `question@39' multiply defined.


LaTeX Warning: Label `question@40' multiply defined.


LaTeX Warning: Label `question@41' multiply defined.


LaTeX Warning: Label `question@42' multiply defined.


LaTeX Warning: Label `question@43' multiply defined.


LaTeX Warning: Label `question@44' multiply defined.


LaTeX Warning: Label `question@45' multiply defined.


LaTeX Warning: Label `question@46' multiply defined.


LaTeX Warning: Label `question@47' multiply defined.


LaTeX Warning: Label `question@48' multiply defined.


LaTeX Warning: Label `question@49' multiply defined.


LaTeX Warning: Label `question@50' multiply defined.


LaTeX Warning: Label `question@51' multiply defined.


LaTeX Warning: Label `question@52' multiply defined.


LaTeX Warning: Label `question@53' multiply defined.


LaTeX Warning: Label `part@53@1' multiply defined.


LaTeX Warning: Label `part@53@2' multiply defined.


LaTeX Warning: Label `question@54' multiply defined.


LaTeX Warning: Label `question@55' multiply defined.


LaTeX Warning: Label `question@56' multiply defined.


LaTeX Warning: Label `question@57' multiply defined.


LaTeX Warning: Label `question@58' multiply defined.


LaTeX Warning: Label `question@59' multiply defined.


LaTeX Warning: Label `question@60' multiply defined.


LaTeX Warning: Label `question@61' multiply defined.


LaTeX Warning: Label `question@62' multiply defined.


LaTeX Warning: Label `question@63' multiply defined.


LaTeX Warning: Label `question@64' multiply defined.


LaTeX Warning: Label `question@65' multiply defined.


LaTeX Warning: Label `question@66' multiply defined.


LaTeX Warning: Label `question@67' multiply defined.


LaTeX Warning: Label `question@68' multiply defined.


LaTeX Warning: Label `question@69' multiply defined.


LaTeX Warning: Label `question@70' multiply defined.


LaTeX Warning: Label `question@71' multiply defined.


LaTeX Warning: Label `question@72' multiply defined.


LaTeX Warning: Label `question@73' multiply defined.


LaTeX Warning: Label `question@74' multiply defined.


LaTeX Warning: Label `question@75' multiply defined.


LaTeX Warning: Label `question@76' multiply defined.


LaTeX Warning: Label `question@77' multiply defined.


LaTeX Warning: Label `question@78' multiply defined.


LaTeX Warning: Label `question@79' multiply defined.


LaTeX Warning: Label `question@80' multiply defined.


LaTeX Warning: Label `question@81' multiply defined.


LaTeX Warning: Label `question@82' multiply defined.


LaTeX Warning: Label `question@83' multiply defined.


LaTeX Warning: Label `question@84' multiply defined.


LaTeX Warning: Label `question@85' multiply defined.


LaTeX Warning: Label `question@86' multiply defined.


LaTeX Warning: Label `question@87' multiply defined.


LaTeX Warning: Label `question@88' multiply defined.


LaTeX Warning: Label `question@89' multiply defined.


LaTeX Warning: Label `question@90' multiply defined.


LaTeX Warning: Label `question@91' multiply defined.


LaTeX Warning: Label `question@92' multiply defined.


LaTeX Warning: Label `question@93' multiply defined.


LaTeX Warning: Label `question@94' multiply defined.


LaTeX Warning: Label `question@95' multiply defined.


LaTeX Warning: Label `question@96' multiply defined.


LaTeX Warning: Label `question@97' multiply defined.


LaTeX Warning: Label `question@98' multiply defined.


LaTeX Warning: Label `question@99' multiply defined.


LaTeX Warning: Label `question@100' multiply defined.


LaTeX Warning: Label `question@101' multiply defined.


LaTeX Warning: Label `question@102' multiply defined.


LaTeX Warning: Label `question@103' multiply defined.


LaTeX Warning: Label `question@104' multiply defined.


LaTeX Warning: Label `question@105' multiply defined.


LaTeX Warning: Label `question@106' multiply defined.


LaTeX Warning: Label `question@107' multiply defined.


LaTeX Warning: Label `question@1' multiply defined.


LaTeX Warning: Label `question@2' multiply defined.


LaTeX Warning: Label `question@3' multiply defined.


LaTeX Warning: Label `question@4' multiply defined.


LaTeX Warning: Label `question@5' multiply defined.


LaTeX Warning: Label `question@6' multiply defined.


LaTeX Warning: Label `question@7' multiply defined.


LaTeX Warning: Label `question@8' multiply defined.


LaTeX Warning: Label `question@9' multiply defined.


LaTeX Warning: Label `question@10' multiply defined.


LaTeX Warning: Label `question@11' multiply defined.


LaTeX Warning: Label `question@12' multiply defined.


LaTeX Warning: Label `question@13' multiply defined.


LaTeX Warning: Label `question@14' multiply defined.


LaTeX Warning: Label `question@15' multiply defined.


LaTeX Warning: Label `question@16' multiply defined.


LaTeX Warning: Label `question@17' multiply defined.


LaTeX Warning: Label `question@18' multiply defined.


LaTeX Warning: Label `question@19' multiply defined.


LaTeX Warning: Label `question@20' multiply defined.


LaTeX Warning: Label `question@21' multiply defined.


LaTeX Warning: Label `question@22' multiply defined.


LaTeX Warning: Label `question@23' multiply defined.


LaTeX Warning: Label `question@24' multiply defined.


LaTeX Warning: Label `question@25' multiply defined.


LaTeX Warning: Label `question@26' multiply defined.


LaTeX Warning: Label `question@27' multiply defined.


LaTeX Warning: Label `question@28' multiply defined.


LaTeX Warning: Label `question@29' multiply defined.


LaTeX Warning: Label `question@30' multiply defined.


LaTeX Warning: Label `question@31' multiply defined.


LaTeX Warning: Label `question@32' multiply defined.


LaTeX Warning: Label `question@33' multiply defined.


LaTeX Warning: Label `question@34' multiply defined.


LaTeX Warning: Label `question@1' multiply defined.


LaTeX Warning: Label `part@1@1' multiply defined.


LaTeX Warning: Label `part@1@2' multiply defined.


LaTeX Warning: Label `question@2' multiply defined.


LaTeX Warning: Label `question@3' multiply defined.


LaTeX Warning: Label `question@4' multiply defined.


LaTeX Warning: Label `question@5' multiply defined.


LaTeX Warning: Label `question@6' multiply defined.


LaTeX Warning: Label `question@7' multiply defined.


LaTeX Warning: Label `question@8' multiply defined.


LaTeX Warning: Label `question@9' multiply defined.


LaTeX Warning: Label `question@10' multiply defined.


LaTeX Warning: Label `question@11' multiply defined.


LaTeX Warning: Label `question@12' multiply defined.


LaTeX Warning: Label `question@13' multiply defined.


LaTeX Warning: Label `question@14' multiply defined.


LaTeX Warning: Label `question@1' multiply defined.


LaTeX Warning: Label `question@2' multiply defined.


LaTeX Warning: Label `question@3' multiply defined.


LaTeX Warning: Label `question@4' multiply defined.


LaTeX Warning: Label `question@5' multiply defined.


LaTeX Warning: Label `question@6' multiply defined.


LaTeX Warning: Label `question@7' multiply defined.


LaTeX Warning: Label `question@8' multiply defined.


LaTeX Warning: Label `question@9' multiply defined.


LaTeX Warning: Label `question@10' multiply defined.


LaTeX Warning: Label `question@11' multiply defined.


LaTeX Warning: Label `question@12' multiply defined.


LaTeX Warning: Label `question@13' multiply defined.


LaTeX Warning: Label `question@14' multiply defined.


LaTeX Warning: Label `question@15' multiply defined.


LaTeX Warning: Label `question@16' multiply defined.


LaTeX Warning: Label `question@17' multiply defined.


LaTeX Warning: Label `question@18' multiply defined.


LaTeX Warning: Label `question@19' multiply defined.


LaTeX Warning: Label `question@20' multiply defined.


LaTeX Warning: Label `question@21' multiply defined.


LaTeX Warning: Label `question@22' multiply defined.


LaTeX Warning: Label `question@23' multiply defined.


LaTeX Warning: Label `question@24' multiply defined.


LaTeX Warning: Label `question@25' multiply defined.


LaTeX Warning: Label `question@26' multiply defined.


LaTeX Warning: Label `question@27' multiply defined.


LaTeX Warning: Label `question@28' multiply defined.


LaTeX Warning: Label `question@29' multiply defined.


LaTeX Warning: Label `question@30' multiply defined.


LaTeX Warning: Label `question@31' multiply defined.


LaTeX Warning: Label `question@32' multiply defined.


LaTeX Warning: Label `question@33' multiply defined.


LaTeX Warning: Label `question@34' multiply defined.


LaTeX Warning: Label `question@35' multiply defined.


LaTeX Warning: Label `question@1' multiply defined.


LaTeX Warning: Label `question@2' multiply defined.


LaTeX Warning: Label `question@3' multiply defined.


LaTeX Warning: Label `question@4' multiply defined.


LaTeX Warning: Label `question@5' multiply defined.


LaTeX Warning: Label `question@6' multiply defined.


LaTeX Warning: Label `question@7' multiply defined.


LaTeX Warning: Label `question@8' multiply defined.


LaTeX Warning: Label `question@9' multiply defined.


LaTeX Warning: Label `question@10' multiply defined.


LaTeX Warning: Label `question@11' multiply defined.


LaTeX Warning: Label `question@12' multiply defined.


LaTeX Warning: Label `question@13' multiply defined.


LaTeX Warning: Label `question@14' multiply defined.


LaTeX Warning: Label `question@15' multiply defined.


LaTeX Warning: Label `question@16' multiply defined.


LaTeX Warning: Label `question@17' multiply defined.


LaTeX Warning: Label `question@18' multiply defined.


LaTeX Warning: Label `question@19' multiply defined.


LaTeX Warning: Label `question@20' multiply defined.


LaTeX Warning: Label `question@21' multiply defined.


LaTeX Warning: Label `question@22' multiply defined.


LaTeX Warning: Label `question@23' multiply defined.


LaTeX Warning: Label `question@24' multiply defined.


LaTeX Warning: Label `question@25' multiply defined.


LaTeX Warning: Label `question@26' multiply defined.


LaTeX Warning: Label `question@27' multiply defined.


LaTeX Warning: Label `question@28' multiply defined.


LaTeX Warning: Label `question@29' multiply defined.


LaTeX Warning: Label `question@30' multiply defined.


LaTeX Warning: Label `question@31' multiply defined.


LaTeX Warning: Label `question@32' multiply defined.


LaTeX Warning: Label `question@33' multiply defined.


LaTeX Warning: Label `question@34' multiply defined.


LaTeX Warning: Label `question@1' multiply defined.


LaTeX Warning: Label `question@2' multiply defined.


LaTeX Warning: Label `question@3' multiply defined.


LaTeX Warning: Label `question@4' multiply defined.


LaTeX Warning: Label `question@5' multiply defined.


LaTeX Warning: Label `question@6' multiply defined.


LaTeX Warning: Label `question@7' multiply defined.


LaTeX Warning: Label `question@8' multiply defined.


LaTeX Warning: Label `question@9' multiply defined.


LaTeX Warning: Label `question@10' multiply defined.


LaTeX Warning: Label `question@11' multiply defined.


LaTeX Warning: Label `question@12' multiply defined.


LaTeX Warning: Label `question@13' multiply defined.


LaTeX Warning: Label `question@14' multiply defined.


LaTeX Warning: Label `question@15' multiply defined.


LaTeX Warning: Label `question@16' multiply defined.


LaTeX Warning: Label `question@17' multiply defined.


LaTeX Warning: Label `question@18' multiply defined.


LaTeX Warning: Label `question@19' multiply defined.


LaTeX Warning: Label `question@20' multiply defined.


LaTeX Warning: Label `question@21' multiply defined.


LaTeX Warning: Label `question@22' multiply defined.


LaTeX Warning: Label `question@23' multiply defined.


LaTeX Warning: Label `question@24' multiply defined.


LaTeX Warning: Label `question@25' multiply defined.


LaTeX Warning: Label `question@26' multiply defined.


LaTeX Warning: Label `question@27' multiply defined.


LaTeX Warning: Label `question@28' multiply defined.


LaTeX Warning: Label `question@29' multiply defined.


LaTeX Warning: Label `question@30' multiply defined.


LaTeX Warning: Label `question@31' multiply defined.


LaTeX Warning: Label `question@32' multiply defined.


LaTeX Warning: Label `question@33' multiply defined.


LaTeX Warning: Label `question@34' multiply defined.


LaTeX Warning: Label `question@35' multiply defined.


LaTeX Warning: Label `question@36' multiply defined.


LaTeX Warning: Label `question@37' multiply defined.


LaTeX Warning: Label `question@38' multiply defined.


LaTeX Warning: Label `question@39' multiply defined.


LaTeX Warning: Label `question@40' multiply defined.


LaTeX Warning: Label `question@41' multiply defined.


LaTeX Warning: Label `question@42' multiply defined.


LaTeX Warning: Label `part@42@1' multiply defined.


LaTeX Warning: Label `part@42@2' multiply defined.


LaTeX Warning: Label `question@43' multiply defined.


LaTeX Warning: Label `question@44' multiply defined.


LaTeX Warning: Label `question@45' multiply defined.


LaTeX Warning: Label `question@46' multiply defined.


LaTeX Warning: Label `question@47' multiply defined.


LaTeX Warning: Label `part@47@1' multiply defined.


LaTeX Warning: Label `part@47@2' multiply defined.


LaTeX Warning: Label `part@47@3' multiply defined.


LaTeX Warning: Label `question@48' multiply defined.


LaTeX Warning: Label `question@49' multiply defined.


LaTeX Warning: Label `question@50' multiply defined.


LaTeX Warning: Label `question@51' multiply defined.


LaTeX Warning: Label `question@52' multiply defined.


LaTeX Warning: Label `question@53' multiply defined.


LaTeX Warning: Label `question@54' multiply defined.


LaTeX Warning: Label `question@55' multiply defined.


LaTeX Warning: Label `question@56' multiply defined.


LaTeX Warning: Label `question@57' multiply defined.


LaTeX Warning: Label `part@57@1' multiply defined.


LaTeX Warning: Label `part@57@2' multiply defined.


LaTeX Warning: Label `question@58' multiply defined.


LaTeX Warning: Label `part@58@1' multiply defined.


LaTeX Warning: Label `part@58@2' multiply defined.


LaTeX Warning: Label `question@59' multiply defined.


LaTeX Warning: Label `part@59@1' multiply defined.


LaTeX Warning: Label `part@59@2' multiply defined.


LaTeX Warning: Label `question@60' multiply defined.


LaTeX Warning: Label `question@61' multiply defined.


LaTeX Warning: Label `part@61@1' multiply defined.


LaTeX Warning: Label `part@61@2' multiply defined.


LaTeX Warning: Label `question@62' multiply defined.


LaTeX Warning: Label `part@62@1' multiply defined.


LaTeX Warning: Label `part@62@2' multiply defined.


LaTeX Warning: Label `part@62@3' multiply defined.


LaTeX Warning: Label `question@63' multiply defined.


LaTeX Warning: Label `part@63@1' multiply defined.


LaTeX Warning: Label `part@63@2' multiply defined.


LaTeX Warning: Label `question@64' multiply defined.


LaTeX Warning: Label `part@64@1' multiply defined.


LaTeX Warning: Label `part@64@2' multiply defined.


LaTeX Warning: Label `question@65' multiply defined.


LaTeX Warning: Label `part@65@1' multiply defined.


LaTeX Warning: Label `part@65@2' multiply defined.


LaTeX Warning: Label `question@66' multiply defined.


LaTeX Warning: Label `part@66@1' multiply defined.


LaTeX Warning: Label `part@66@2' multiply defined.


LaTeX Warning: Label `part@66@3' multiply defined.


LaTeX Warning: Label `question@67' multiply defined.


LaTeX Warning: Label `part@67@1' multiply defined.


LaTeX Warning: Label `part@67@2' multiply defined.


LaTeX Warning: Label `question@68' multiply defined.


LaTeX Warning: Label `question@69' multiply defined.


LaTeX Warning: Label `question@70' multiply defined.


LaTeX Warning: Label `question@71' multiply defined.


LaTeX Warning: Label `question@72' multiply defined.


LaTeX Warning: Label `question@73' multiply defined.


LaTeX Warning: Label `question@74' multiply defined.


LaTeX Warning: Label `question@75' multiply defined.


LaTeX Warning: Label `question@76' multiply defined.


LaTeX Warning: Label `question@77' multiply defined.


LaTeX Warning: Label `question@78' multiply defined.


LaTeX Warning: Label `question@79' multiply defined.


LaTeX Warning: Label `question@80' multiply defined.


LaTeX Warning: Label `question@81' multiply defined.


LaTeX Warning: Label `question@82' multiply defined.


LaTeX Warning: Label `question@83' multiply defined.


LaTeX Warning: Label `question@84' multiply defined.


LaTeX Warning: Label `question@85' multiply defined.


LaTeX Warning: Label `question@86' multiply defined.


LaTeX Warning: Label `question@87' multiply defined.


LaTeX Warning: Label `question@88' multiply defined.


LaTeX Warning: Label `question@89' multiply defined.


LaTeX Warning: Label `question@90' multiply defined.


LaTeX Warning: Label `question@91' multiply defined.


LaTeX Warning: Label `question@92' multiply defined.


LaTeX Warning: Label `question@93' multiply defined.


LaTeX Warning: Label `question@94' multiply defined.


LaTeX Warning: Label `question@95' multiply defined.


LaTeX Warning: Label `question@96' multiply defined.

) (离散数学.aux

LaTeX Warning: Label `question@1' multiply defined.


LaTeX Warning: Label `question@2' multiply defined.


LaTeX Warning: Label `question@3' multiply defined.


LaTeX Warning: Label `question@4' multiply defined.


LaTeX Warning: Label `question@5' multiply defined.


LaTeX Warning: Label `question@6' multiply defined.


LaTeX Warning: Label `question@7' multiply defined.


LaTeX Warning: Label `question@8' multiply defined.


LaTeX Warning: Label `question@9' multiply defined.


LaTeX Warning: Label `question@10' multiply defined.


LaTeX Warning: Label `question@11' multiply defined.


LaTeX Warning: Label `question@12' multiply defined.


LaTeX Warning: Label `question@13' multiply defined.


LaTeX Warning: Label `question@14' multiply defined.


LaTeX Warning: Label `question@15' multiply defined.


LaTeX Warning: Label `question@16' multiply defined.


LaTeX Warning: Label `question@17' multiply defined.


LaTeX Warning: Label `question@18' multiply defined.


LaTeX Warning: Label `question@19' multiply defined.


LaTeX Warning: Label `question@20' multiply defined.


LaTeX Warning: Label `question@21' multiply defined.


LaTeX Warning: Label `question@22' multiply defined.


LaTeX Warning: Label `question@23' multiply defined.


LaTeX Warning: Label `question@24' multiply defined.


LaTeX Warning: Label `question@25' multiply defined.


LaTeX Warning: Label `question@26' multiply defined.


LaTeX Warning: Label `question@27' multiply defined.


LaTeX Warning: Label `question@28' multiply defined.


LaTeX Warning: Label `question@29' multiply defined.


LaTeX Warning: Label `question@30' multiply defined.


LaTeX Warning: Label `question@31' multiply defined.


LaTeX Warning: Label `question@32' multiply defined.


LaTeX Warning: Label `question@33' multiply defined.


LaTeX Warning: Label `question@34' multiply defined.


LaTeX Warning: Label `question@35' multiply defined.


LaTeX Warning: Label `question@36' multiply defined.


LaTeX Warning: Label `question@37' multiply defined.


LaTeX Warning: Label `question@38' multiply defined.


LaTeX Warning: Label `question@39' multiply defined.


LaTeX Warning: Label `question@40' multiply defined.


LaTeX Warning: Label `question@41' multiply defined.


LaTeX Warning: Label `question@42' multiply defined.


LaTeX Warning: Label `question@43' multiply defined.


LaTeX Warning: Label `question@1' multiply defined.


LaTeX Warning: Label `question@1' multiply defined.


LaTeX Warning: Label `question@2' multiply defined.


LaTeX Warning: Label `question@3' multiply defined.


LaTeX Warning: Label `question@4' multiply defined.


LaTeX Warning: Label `question@5' multiply defined.


LaTeX Warning: Label `question@6' multiply defined.


LaTeX Warning: Label `question@7' multiply defined.


LaTeX Warning: Label `question@8' multiply defined.


LaTeX Warning: Label `question@9' multiply defined.


LaTeX Warning: Label `question@10' multiply defined.


LaTeX Warning: Label `question@11' multiply defined.


LaTeX Warning: Label `question@12' multiply defined.


LaTeX Warning: Label `question@13' multiply defined.


LaTeX Warning: Label `question@14' multiply defined.


LaTeX Warning: Label `question@15' multiply defined.


LaTeX Warning: Label `question@16' multiply defined.


LaTeX Warning: Label `question@17' multiply defined.


LaTeX Warning: Label `question@18' multiply defined.


LaTeX Warning: Label `question@19' multiply defined.


LaTeX Warning: Label `question@20' multiply defined.


LaTeX Warning: Label `question@21' multiply defined.


LaTeX Warning: Label `question@22' multiply defined.


LaTeX Warning: Label `question@23' multiply defined.


LaTeX Warning: Label `question@24' multiply defined.


LaTeX Warning: Label `question@25' multiply defined.


LaTeX Warning: Label `question@26' multiply defined.


LaTeX Warning: Label `question@27' multiply defined.


LaTeX Warning: Label `question@28' multiply defined.


LaTeX Warning: Label `question@29' multiply defined.


LaTeX Warning: Label `question@30' multiply defined.


LaTeX Warning: Label `question@31' multiply defined.


LaTeX Warning: Label `question@32' multiply defined.


LaTeX Warning: Label `question@1' multiply defined.


LaTeX Warning: Label `question@1' multiply defined.


LaTeX Warning: Label `question@2' multiply defined.


LaTeX Warning: Label `question@3' multiply defined.


LaTeX Warning: Label `question@4' multiply defined.


LaTeX Warning: Label `question@5' multiply defined.


LaTeX Warning: Label `question@6' multiply defined.


LaTeX Warning: Label `question@7' multiply defined.


LaTeX Warning: Label `question@8' multiply defined.


LaTeX Warning: Label `question@9' multiply defined.


LaTeX Warning: Label `question@10' multiply defined.


LaTeX Warning: Label `question@11' multiply defined.


LaTeX Warning: Label `question@12' multiply defined.


LaTeX Warning: Label `question@13' multiply defined.


LaTeX Warning: Label `question@14' multiply defined.


LaTeX Warning: Label `question@15' multiply defined.


LaTeX Warning: Label `question@16' multiply defined.


LaTeX Warning: Label `question@17' multiply defined.


LaTeX Warning: Label `question@18' multiply defined.


LaTeX Warning: Label `question@19' multiply defined.


LaTeX Warning: Label `question@20' multiply defined.


LaTeX Warning: Label `question@21' multiply defined.


LaTeX Warning: Label `question@22' multiply defined.


LaTeX Warning: Label `question@23' multiply defined.


LaTeX Warning: Label `question@24' multiply defined.


LaTeX Warning: Label `question@25' multiply defined.


LaTeX Warning: Label `question@26' multiply defined.


LaTeX Warning: Label `question@27' multiply defined.


LaTeX Warning: Label `question@28' multiply defined.


LaTeX Warning: Label `question@29' multiply defined.


LaTeX Warning: Label `question@30' multiply defined.


LaTeX Warning: Label `question@31' multiply defined.


LaTeX Warning: Label `question@32' multiply defined.


LaTeX Warning: Label `question@33' multiply defined.


LaTeX Warning: Label `question@34' multiply defined.


LaTeX Warning: Label `question@35' multiply defined.


LaTeX Warning: Label `question@36' multiply defined.


LaTeX Warning: Label `question@37' multiply defined.


LaTeX Warning: Label `question@38' multiply defined.


LaTeX Warning: Label `question@39' multiply defined.


LaTeX Warning: Label `question@40' multiply defined.


LaTeX Warning: Label `question@41' multiply defined.


LaTeX Warning: Label `question@42' multiply defined.


LaTeX Warning: Label `part@42@1' multiply defined.


LaTeX Warning: Label `part@42@2' multiply defined.


LaTeX Warning: Label `question@43' multiply defined.


LaTeX Warning: Label `part@43@1' multiply defined.


LaTeX Warning: Label `part@43@2' multiply defined.


LaTeX Warning: Label `question@44' multiply defined.


LaTeX Warning: Label `question@45' multiply defined.


LaTeX Warning: Label `part@45@1' multiply defined.


LaTeX Warning: Label `part@45@2' multiply defined.


LaTeX Warning: Label `question@46' multiply defined.


LaTeX Warning: Label `part@46@1' multiply defined.


LaTeX Warning: Label `part@46@2' multiply defined.


LaTeX Warning: Label `question@47' multiply defined.


LaTeX Warning: Label `part@47@1' multiply defined.


LaTeX Warning: Label `part@47@2' multiply defined.


LaTeX Warning: Label `question@48' multiply defined.


LaTeX Warning: Label `question@49' multiply defined.


LaTeX Warning: Label `question@50' multiply defined.


LaTeX Warning: Label `question@51' multiply defined.


LaTeX Warning: Label `part@51@1' multiply defined.


LaTeX Warning: Label `part@51@2' multiply defined.


LaTeX Warning: Label `question@52' multiply defined.


LaTeX Warning: Label `question@53' multiply defined.


LaTeX Warning: Label `part@53@1' multiply defined.


LaTeX Warning: Label `part@53@2' multiply defined.


LaTeX Warning: Label `question@54' multiply defined.


LaTeX Warning: Label `question@55' multiply defined.


LaTeX Warning: Label `part@55@1' multiply defined.


LaTeX Warning: Label `part@55@2' multiply defined.


LaTeX Warning: Label `question@56' multiply defined.


LaTeX Warning: Label `question@57' multiply defined.


LaTeX Warning: Label `part@57@1' multiply defined.


LaTeX Warning: Label `part@57@2' multiply defined.


LaTeX Warning: Label `question@58' multiply defined.


LaTeX Warning: Label `part@58@1' multiply defined.


LaTeX Warning: Label `question@59' multiply defined.


LaTeX Warning: Label `question@60' multiply defined.


LaTeX Warning: Label `question@61' multiply defined.


LaTeX Warning: Label `part@61@1' multiply defined.


LaTeX Warning: Label `part@61@2' multiply defined.


LaTeX Warning: Label `part@61@3' multiply defined.


LaTeX Warning: Label `question@62' multiply defined.


LaTeX Warning: Label `question@63' multiply defined.


LaTeX Warning: Label `part@63@1' multiply defined.


LaTeX Warning: Label `part@63@2' multiply defined.


LaTeX Warning: Label `question@64' multiply defined.


LaTeX Warning: Label `part@64@1' multiply defined.


LaTeX Warning: Label `part@64@2' multiply defined.


LaTeX Warning: Label `question@65' multiply defined.


LaTeX Warning: Label `question@1' multiply defined.


LaTeX Warning: Label `question@2' multiply defined.


LaTeX Warning: Label `question@3' multiply defined.


LaTeX Warning: Label `question@4' multiply defined.


LaTeX Warning: Label `question@5' multiply defined.


LaTeX Warning: Label `question@6' multiply defined.


LaTeX Warning: Label `question@7' multiply defined.


LaTeX Warning: Label `question@8' multiply defined.


LaTeX Warning: Label `question@9' multiply defined.


LaTeX Warning: Label `question@10' multiply defined.


LaTeX Warning: Label `question@11' multiply defined.


LaTeX Warning: Label `question@12' multiply defined.


LaTeX Warning: Label `question@13' multiply defined.


LaTeX Warning: Label `question@14' multiply defined.


LaTeX Warning: Label `question@15' multiply defined.


LaTeX Warning: Label `question@16' multiply defined.


LaTeX Warning: Label `question@17' multiply defined.


LaTeX Warning: Label `question@18' multiply defined.


LaTeX Warning: Label `question@19' multiply defined.


LaTeX Warning: Label `question@20' multiply defined.


LaTeX Warning: Label `question@21' multiply defined.


LaTeX Warning: Label `question@22' multiply defined.


LaTeX Warning: Label `question@23' multiply defined.


LaTeX Warning: Label `question@24' multiply defined.


LaTeX Warning: Label `question@25' multiply defined.


LaTeX Warning: Label `question@26' multiply defined.


LaTeX Warning: Label `question@27' multiply defined.


LaTeX Warning: Label `question@28' multiply defined.


LaTeX Warning: Label `part@28@1' multiply defined.


LaTeX Warning: Label `part@28@2' multiply defined.


LaTeX Warning: Label `question@29' multiply defined.


LaTeX Warning: Label `question@30' multiply defined.


LaTeX Warning: Label `question@31' multiply defined.


LaTeX Warning: Label `question@32' multiply defined.


LaTeX Warning: Label `question@33' multiply defined.


LaTeX Warning: Label `part@33@1' multiply defined.


LaTeX Warning: Label `part@33@2' multiply defined.


LaTeX Warning: Label `question@1' multiply defined.


LaTeX Warning: Label `question@2' multiply defined.


LaTeX Warning: Label `question@3' multiply defined.


LaTeX Warning: Label `question@4' multiply defined.


LaTeX Warning: Label `question@5' multiply defined.


LaTeX Warning: Label `question@6' multiply defined.


LaTeX Warning: Label `question@7' multiply defined.


LaTeX Warning: Label `question@8' multiply defined.


LaTeX Warning: Label `question@9' multiply defined.


LaTeX Warning: Label `question@10' multiply defined.


LaTeX Warning: Label `question@11' multiply defined.


LaTeX Warning: Label `question@12' multiply defined.


LaTeX Warning: Label `question@13' multiply defined.


LaTeX Warning: Label `question@14' multiply defined.


LaTeX Warning: Label `question@15' multiply defined.


LaTeX Warning: Label `question@16' multiply defined.


LaTeX Warning: Label `question@17' multiply defined.


LaTeX Warning: Label `question@18' multiply defined.


LaTeX Warning: Label `question@19' multiply defined.


LaTeX Warning: Label `question@20' multiply defined.


LaTeX Warning: Label `question@21' multiply defined.


LaTeX Warning: Label `question@22' multiply defined.


LaTeX Warning: Label `question@23' multiply defined.


LaTeX Warning: Label `question@24' multiply defined.


LaTeX Warning: Label `question@25' multiply defined.


LaTeX Warning: Label `question@26' multiply defined.


LaTeX Warning: Label `question@27' multiply defined.


LaTeX Warning: Label `question@28' multiply defined.


LaTeX Warning: Label `question@29' multiply defined.


LaTeX Warning: Label `question@30' multiply defined.


LaTeX Warning: Label `question@31' multiply defined.


LaTeX Warning: Label `question@32' multiply defined.


LaTeX Warning: Label `question@33' multiply defined.


LaTeX Warning: Label `question@34' multiply defined.


LaTeX Warning: Label `question@35' multiply defined.


LaTeX Warning: Label `question@36' multiply defined.


LaTeX Warning: Label `question@37' multiply defined.


LaTeX Warning: Label `question@38' multiply defined.


LaTeX Warning: Label `part@38@1' multiply defined.


LaTeX Warning: Label `part@38@2' multiply defined.


LaTeX Warning: Label `question@39' multiply defined.


LaTeX Warning: Label `question@40' multiply defined.


LaTeX Warning: Label `part@40@1' multiply defined.


LaTeX Warning: Label `part@40@2' multiply defined.


LaTeX Warning: Label `question@41' multiply defined.


LaTeX Warning: Label `part@41@1' multiply defined.


LaTeX Warning: Label `part@41@2' multiply defined.


LaTeX Warning: Label `part@41@3' multiply defined.


LaTeX Warning: Label `question@42' multiply defined.


LaTeX Warning: Label `part@42@1' multiply defined.


LaTeX Warning: Label `part@42@2' multiply defined.


LaTeX Warning: Label `question@43' multiply defined.


LaTeX Warning: Label `part@43@1' multiply defined.


LaTeX Warning: Label `part@43@2' multiply defined.


LaTeX Warning: Label `question@44' multiply defined.


LaTeX Warning: Label `part@44@1' multiply defined.


LaTeX Warning: Label `part@44@2' multiply defined.


LaTeX Warning: Label `question@45' multiply defined.


LaTeX Warning: Label `part@45@1' multiply defined.


LaTeX Warning: Label `part@45@2' multiply defined.


LaTeX Warning: Label `part@45@3' multiply defined.


LaTeX Warning: Label `question@46' multiply defined.


LaTeX Warning: Label `question@47' multiply defined.


LaTeX Warning: Label `question@48' multiply defined.


LaTeX Warning: Label `part@48@1' multiply defined.


LaTeX Warning: Label `part@48@2' multiply defined.


LaTeX Warning: Label `part@48@3' multiply defined.


LaTeX Warning: Label `question@49' multiply defined.


LaTeX Warning: Label `part@49@1' multiply defined.


LaTeX Warning: Label `part@49@2' multiply defined.


LaTeX Warning: Label `question@50' multiply defined.


LaTeX Warning: Label `part@50@1' multiply defined.


LaTeX Warning: Label `part@50@2' multiply defined.


LaTeX Warning: Label `question@51' multiply defined.


LaTeX Warning: Label `part@51@1' multiply defined.


LaTeX Warning: Label `part@51@2' multiply defined.


LaTeX Warning: Label `question@52' multiply defined.


LaTeX Warning: Label `question@1' multiply defined.


LaTeX Warning: Label `question@2' multiply defined.


LaTeX Warning: Label `question@3' multiply defined.


LaTeX Warning: Label `question@4' multiply defined.


LaTeX Warning: Label `question@5' multiply defined.


LaTeX Warning: Label `question@6' multiply defined.


LaTeX Warning: Label `question@7' multiply defined.


LaTeX Warning: Label `question@8' multiply defined.


LaTeX Warning: Label `question@9' multiply defined.


LaTeX Warning: Label `question@10' multiply defined.


LaTeX Warning: Label `question@11' multiply defined.


LaTeX Warning: Label `question@12' multiply defined.


LaTeX Warning: Label `question@13' multiply defined.


LaTeX Warning: Label `question@14' multiply defined.


LaTeX Warning: Label `question@15' multiply defined.


LaTeX Warning: Label `question@16' multiply defined.


LaTeX Warning: Label `question@17' multiply defined.


LaTeX Warning: Label `question@18' multiply defined.


LaTeX Warning: Label `question@19' multiply defined.


LaTeX Warning: Label `question@20' multiply defined.


LaTeX Warning: Label `question@21' multiply defined.


LaTeX Warning: Label `question@22' multiply defined.


LaTeX Warning: Label `part@22@1' multiply defined.


LaTeX Warning: Label `part@22@2' multiply defined.


LaTeX Warning: Label `question@23' multiply defined.


LaTeX Warning: Label `question@24' multiply defined.


LaTeX Warning: Label `question@25' multiply defined.


LaTeX Warning: Label `question@26' multiply defined.


LaTeX Warning: Label `question@27' multiply defined.


LaTeX Warning: Label `question@28' multiply defined.


LaTeX Warning: Label `question@29' multiply defined.


LaTeX Warning: Label `question@30' multiply defined.


LaTeX Warning: Label `question@31' multiply defined.


LaTeX Warning: Label `question@32' multiply defined.


LaTeX Warning: Label `question@33' multiply defined.


LaTeX Warning: Label `question@34' multiply defined.


LaTeX Warning: Label `question@35' multiply defined.


LaTeX Warning: Label `question@36' multiply defined.


LaTeX Warning: Label `question@37' multiply defined.


LaTeX Warning: Label `question@38' multiply defined.


LaTeX Warning: Label `question@1' multiply defined.


LaTeX Warning: Label `question@2' multiply defined.


LaTeX Warning: Label `question@3' multiply defined.


LaTeX Warning: Label `question@4' multiply defined.


LaTeX Warning: Label `question@5' multiply defined.


LaTeX Warning: Label `question@6' multiply defined.


LaTeX Warning: Label `question@7' multiply defined.


LaTeX Warning: Label `question@8' multiply defined.


LaTeX Warning: Label `question@9' multiply defined.


LaTeX Warning: Label `question@10' multiply defined.


LaTeX Warning: Label `question@11' multiply defined.


LaTeX Warning: Label `question@12' multiply defined.


LaTeX Warning: Label `question@13' multiply defined.


LaTeX Warning: Label `question@14' multiply defined.


LaTeX Warning: Label `question@15' multiply defined.


LaTeX Warning: Label `question@16' multiply defined.


LaTeX Warning: Label `question@17' multiply defined.


LaTeX Warning: Label `question@18' multiply defined.


LaTeX Warning: Label `question@19' multiply defined.


LaTeX Warning: Label `question@20' multiply defined.


LaTeX Warning: Label `question@21' multiply defined.


LaTeX Warning: Label `question@22' multiply defined.


LaTeX Warning: Label `question@23' multiply defined.


LaTeX Warning: Label `question@24' multiply defined.


LaTeX Warning: Label `question@25' multiply defined.


LaTeX Warning: Label `question@26' multiply defined.


LaTeX Warning: Label `question@27' multiply defined.


LaTeX Warning: Label `question@28' multiply defined.


LaTeX Warning: Label `question@29' multiply defined.


LaTeX Warning: Label `question@30' multiply defined.


LaTeX Warning: Label `question@31' multiply defined.


LaTeX Warning: Label `question@32' multiply defined.


LaTeX Warning: Label `question@33' multiply defined.


LaTeX Warning: Label `question@34' multiply defined.


LaTeX Warning: Label `question@35' multiply defined.


LaTeX Warning: Label `question@36' multiply defined.


LaTeX Warning: Label `question@37' multiply defined.


LaTeX Warning: Label `question@38' multiply defined.


LaTeX Warning: Label `question@39' multiply defined.


LaTeX Warning: Label `question@40' multiply defined.


LaTeX Warning: Label `question@41' multiply defined.


LaTeX Warning: Label `question@42' multiply defined.


LaTeX Warning: Label `question@43' multiply defined.


LaTeX Warning: Label `question@44' multiply defined.


LaTeX Warning: Label `question@45' multiply defined.


LaTeX Warning: Label `question@46' multiply defined.


LaTeX Warning: Label `question@47' multiply defined.


LaTeX Warning: Label `question@48' multiply defined.


LaTeX Warning: Label `question@49' multiply defined.


LaTeX Warning: Label `question@50' multiply defined.


LaTeX Warning: Label `question@51' multiply defined.


LaTeX Warning: Label `question@52' multiply defined.


LaTeX Warning: Label `question@53' multiply defined.


LaTeX Warning: Label `question@54' multiply defined.


LaTeX Warning: Label `question@55' multiply defined.


LaTeX Warning: Label `question@56' multiply defined.


LaTeX Warning: Label `question@57' multiply defined.


LaTeX Warning: Label `question@58' multiply defined.


LaTeX Warning: Label `question@59' multiply defined.


LaTeX Warning: Label `question@60' multiply defined.


LaTeX Warning: Label `question@61' multiply defined.


LaTeX Warning: Label `question@62' multiply defined.


LaTeX Warning: Label `question@63' multiply defined.


LaTeX Warning: Label `question@64' multiply defined.


LaTeX Warning: Label `question@65' multiply defined.


LaTeX Warning: Label `question@66' multiply defined.


LaTeX Warning: Label `question@67' multiply defined.


LaTeX Warning: Label `question@68' multiply defined.


LaTeX Warning: Label `question@69' multiply defined.


LaTeX Warning: Label `question@70' multiply defined.


LaTeX Warning: Label `question@71' multiply defined.


LaTeX Warning: Label `question@1' multiply defined.


LaTeX Warning: Label `question@2' multiply defined.


LaTeX Warning: Label `question@3' multiply defined.


LaTeX Warning: Label `question@4' multiply defined.


LaTeX Warning: Label `question@5' multiply defined.


LaTeX Warning: Label `question@6' multiply defined.


LaTeX Warning: Label `question@7' multiply defined.


LaTeX Warning: Label `question@8' multiply defined.


LaTeX Warning: Label `question@9' multiply defined.


LaTeX Warning: Label `question@10' multiply defined.


LaTeX Warning: Label `question@11' multiply defined.


LaTeX Warning: Label `question@12' multiply defined.


LaTeX Warning: Label `question@13' multiply defined.


LaTeX Warning: Label `question@14' multiply defined.


LaTeX Warning: Label `question@15' multiply defined.


LaTeX Warning: Label `question@16' multiply defined.


LaTeX Warning: Label `question@17' multiply defined.


LaTeX Warning: Label `question@18' multiply defined.


LaTeX Warning: Label `question@1' multiply defined.

) (统计学.aux

LaTeX Warning: Label `question@1' multiply defined.


LaTeX Warning: Label `question@2' multiply defined.


LaTeX Warning: Label `question@3' multiply defined.


LaTeX Warning: Label `question@4' multiply defined.


LaTeX Warning: Label `question@5' multiply defined.


LaTeX Warning: Label `question@6' multiply defined.


LaTeX Warning: Label `question@7' multiply defined.


LaTeX Warning: Label `question@8' multiply defined.


LaTeX Warning: Label `question@9' multiply defined.


LaTeX Warning: Label `question@10' multiply defined.


LaTeX Warning: Label `question@11' multiply defined.


LaTeX Warning: Label `question@12' multiply defined.


LaTeX Warning: Label `question@13' multiply defined.


LaTeX Warning: Label `question@14' multiply defined.


LaTeX Warning: Label `question@15' multiply defined.


LaTeX Warning: Label `question@16' multiply defined.


LaTeX Warning: Label `question@17' multiply defined.


LaTeX Warning: Label `question@18' multiply defined.


LaTeX Warning: Label `question@19' multiply defined.


LaTeX Warning: Label `question@20' multiply defined.


LaTeX Warning: Label `question@21' multiply defined.


LaTeX Warning: Label `question@22' multiply defined.


LaTeX Warning: Label `question@23' multiply defined.


LaTeX Warning: Label `question@24' multiply defined.


LaTeX Warning: Label `question@25' multiply defined.


LaTeX Warning: Label `question@26' multiply defined.


LaTeX Warning: Label `question@27' multiply defined.


LaTeX Warning: Label `question@28' multiply defined.


LaTeX Warning: Label `question@29' multiply defined.


LaTeX Warning: Label `question@30' multiply defined.


LaTeX Warning: Label `question@31' multiply defined.


LaTeX Warning: Label `question@32' multiply defined.


LaTeX Warning: Label `question@33' multiply defined.


LaTeX Warning: Label `question@34' multiply defined.


LaTeX Warning: Label `question@35' multiply defined.


LaTeX Warning: Label `question@36' multiply defined.


LaTeX Warning: Label `question@37' multiply defined.


LaTeX Warning: Label `question@38' multiply defined.


LaTeX Warning: Label `question@39' multiply defined.


LaTeX Warning: Label `question@40' multiply defined.


LaTeX Warning: Label `question@41' multiply defined.


LaTeX Warning: Label `question@42' multiply defined.


LaTeX Warning: Label `question@43' multiply defined.


LaTeX Warning: Label `question@44' multiply defined.


LaTeX Warning: Label `question@45' multiply defined.


LaTeX Warning: Label `question@46' multiply defined.


LaTeX Warning: Label `question@47' multiply defined.


LaTeX Warning: Label `question@48' multiply defined.


LaTeX Warning: Label `question@49' multiply defined.


LaTeX Warning: Label `question@50' multiply defined.


LaTeX Warning: Label `question@51' multiply defined.


LaTeX Warning: Label `part@51@1' multiply defined.


LaTeX Warning: Label `part@51@2' multiply defined.


LaTeX Warning: Label `question@52' multiply defined.


LaTeX Warning: Label `part@52@1' multiply defined.


LaTeX Warning: Label `part@52@2' multiply defined.


LaTeX Warning: Label `question@53' multiply defined.


LaTeX Warning: Label `part@53@1' multiply defined.


LaTeX Warning: Label `part@53@2' multiply defined.


LaTeX Warning: Label `question@54' multiply defined.


LaTeX Warning: Label `question@55' multiply defined.


LaTeX Warning: Label `part@55@1' multiply defined.


LaTeX Warning: Label `part@55@2' multiply defined.


LaTeX Warning: Label `part@55@3' multiply defined.


LaTeX Warning: Label `question@56' multiply defined.


LaTeX Warning: Label `part@56@1' multiply defined.


LaTeX Warning: Label `part@56@2' multiply defined.


LaTeX Warning: Label `question@57' multiply defined.


LaTeX Warning: Label `part@57@1' multiply defined.


LaTeX Warning: Label `part@57@2' multiply defined.


LaTeX Warning: Label `part@57@3' multiply defined.


LaTeX Warning: Label `question@58' multiply defined.


LaTeX Warning: Label `part@58@1' multiply defined.


LaTeX Warning: Label `part@58@2' multiply defined.


LaTeX Warning: Label `part@58@3' multiply defined.


LaTeX Warning: Label `question@59' multiply defined.


LaTeX Warning: Label `part@59@1' multiply defined.


LaTeX Warning: Label `part@59@2' multiply defined.


LaTeX Warning: Label `question@60' multiply defined.


LaTeX Warning: Label `part@60@1' multiply defined.


LaTeX Warning: Label `part@60@2' multiply defined.


LaTeX Warning: Label `part@60@3' multiply defined.


LaTeX Warning: Label `question@61' multiply defined.


LaTeX Warning: Label `part@61@1' multiply defined.


LaTeX Warning: Label `part@61@2' multiply defined.


LaTeX Warning: Label `question@62' multiply defined.


LaTeX Warning: Label `part@62@1' multiply defined.


LaTeX Warning: Label `part@62@2' multiply defined.


LaTeX Warning: Label `part@62@3' multiply defined.


LaTeX Warning: Label `question@63' multiply defined.


LaTeX Warning: Label `part@63@1' multiply defined.


LaTeX Warning: Label `part@63@2' multiply defined.


LaTeX Warning: Label `part@63@3' multiply defined.


LaTeX Warning: Label `question@64' multiply defined.


LaTeX Warning: Label `question@65' multiply defined.


LaTeX Warning: Label `part@65@1' multiply defined.


LaTeX Warning: Label `part@65@2' multiply defined.


LaTeX Warning: Label `question@66' multiply defined.


LaTeX Warning: Label `question@67' multiply defined.


LaTeX Warning: Label `question@68' multiply defined.


LaTeX Warning: Label `question@69' multiply defined.


LaTeX Warning: Label `part@69@1' multiply defined.


LaTeX Warning: Label `part@69@2' multiply defined.


LaTeX Warning: Label `question@70' multiply defined.


LaTeX Warning: Label `part@70@1' multiply defined.


LaTeX Warning: Label `part@70@2' multiply defined.


LaTeX Warning: Label `part@70@3' multiply defined.


LaTeX Warning: Label `question@71' multiply defined.


LaTeX Warning: Label `question@72' multiply defined.


LaTeX Warning: Label `part@72@1' multiply defined.


LaTeX Warning: Label `part@72@2' multiply defined.


LaTeX Warning: Label `part@72@3' multiply defined.


LaTeX Warning: Label `question@73' multiply defined.


LaTeX Warning: Label `question@74' multiply defined.


LaTeX Warning: Label `part@74@1' multiply defined.


LaTeX Warning: Label `part@74@2' multiply defined.


LaTeX Warning: Label `question@75' multiply defined.


LaTeX Warning: Label `part@75@1' multiply defined.


LaTeX Warning: Label `part@75@2' multiply defined.


LaTeX Warning: Label `part@75@3' multiply defined.


LaTeX Warning: Label `question@76' multiply defined.


LaTeX Warning: Label `part@76@1' multiply defined.


LaTeX Warning: Label `part@76@2' multiply defined.


LaTeX Warning: Label `question@77' multiply defined.


LaTeX Warning: Label `part@77@1' multiply defined.


LaTeX Warning: Label `part@77@2' multiply defined.


LaTeX Warning: Label `part@77@3' multiply defined.


LaTeX Warning: Label `question@78' multiply defined.


LaTeX Warning: Label `part@78@1' multiply defined.


LaTeX Warning: Label `part@78@2' multiply defined.


LaTeX Warning: Label `part@78@3' multiply defined.


LaTeX Warning: Label `question@79' multiply defined.


LaTeX Warning: Label `part@79@1' multiply defined.


LaTeX Warning: Label `part@79@2' multiply defined.


LaTeX Warning: Label `question@80' multiply defined.


LaTeX Warning: Label `part@80@1' multiply defined.


LaTeX Warning: Label `part@80@2' multiply defined.


LaTeX Warning: Label `question@81' multiply defined.


LaTeX Warning: Label `question@82' multiply defined.


LaTeX Warning: Label `question@1' multiply defined.


LaTeX Warning: Label `question@1' multiply defined.


LaTeX Warning: Label `question@2' multiply defined.


LaTeX Warning: Label `question@3' multiply defined.


LaTeX Warning: Label `question@4' multiply defined.


LaTeX Warning: Label `question@5' multiply defined.


LaTeX Warning: Label `question@6' multiply defined.


LaTeX Warning: Label `part@6@1' multiply defined.


LaTeX Warning: Label `part@6@2' multiply defined.


LaTeX Warning: Label `question@7' multiply defined.


LaTeX Warning: Label `question@8' multiply defined.


LaTeX Warning: Label `question@9' multiply defined.


LaTeX Warning: Label `question@10' multiply defined.


LaTeX Warning: Label `question@11' multiply defined.


LaTeX Warning: Label `question@12' multiply defined.


LaTeX Warning: Label `question@13' multiply defined.


LaTeX Warning: Label `question@14' multiply defined.


LaTeX Warning: Label `question@15' multiply defined.


LaTeX Warning: Label `question@16' multiply defined.


LaTeX Warning: Label `question@17' multiply defined.


LaTeX Warning: Label `part@17@1' multiply defined.


LaTeX Warning: Label `part@17@2' multiply defined.


LaTeX Warning: Label `question@18' multiply defined.


LaTeX Warning: Label `part@18@1' multiply defined.


LaTeX Warning: Label `part@18@2' multiply defined.


LaTeX Warning: Label `question@19' multiply defined.


LaTeX Warning: Label `part@19@1' multiply defined.


LaTeX Warning: Label `part@19@2' multiply defined.


LaTeX Warning: Label `question@1' multiply defined.


LaTeX Warning: Label `question@1' multiply defined.


LaTeX Warning: Label `question@2' multiply defined.

) (几何.aux

LaTeX Warning: Label `question@1' multiply defined.


LaTeX Warning: Label `question@2' multiply defined.


LaTeX Warning: Label `question@3' multiply defined.


LaTeX Warning: Label `question@4' multiply defined.


LaTeX Warning: Label `question@5' multiply defined.


LaTeX Warning: Label `question@6' multiply defined.


LaTeX Warning: Label `question@7' multiply defined.


LaTeX Warning: Label `question@8' multiply defined.


LaTeX Warning: Label `question@9' multiply defined.


LaTeX Warning: Label `question@10' multiply defined.


LaTeX Warning: Label `question@11' multiply defined.


LaTeX Warning: Label `question@12' multiply defined.


LaTeX Warning: Label `question@13' multiply defined.


LaTeX Warning: Label `question@14' multiply defined.


LaTeX Warning: Label `question@15' multiply defined.


LaTeX Warning: Label `question@16' multiply defined.


LaTeX Warning: Label `question@17' multiply defined.


LaTeX Warning: Label `question@18' multiply defined.


LaTeX Warning: Label `question@19' multiply defined.


LaTeX Warning: Label `question@20' multiply defined.


LaTeX Warning: Label `question@21' multiply defined.


LaTeX Warning: Label `question@22' multiply defined.


LaTeX Warning: Label `question@23' multiply defined.


LaTeX Warning: Label `question@24' multiply defined.


LaTeX Warning: Label `question@25' multiply defined.


LaTeX Warning: Label `question@26' multiply defined.


LaTeX Warning: Label `question@27' multiply defined.


LaTeX Warning: Label `question@28' multiply defined.


LaTeX Warning: Label `question@29' multiply defined.


LaTeX Warning: Label `question@30' multiply defined.


LaTeX Warning: Label `question@31' multiply defined.


LaTeX Warning: Label `question@32' multiply defined.


LaTeX Warning: Label `question@33' multiply defined.


LaTeX Warning: Label `question@34' multiply defined.


LaTeX Warning: Label `question@35' multiply defined.


LaTeX Warning: Label `question@36' multiply defined.


LaTeX Warning: Label `question@37' multiply defined.


LaTeX Warning: Label `question@38' multiply defined.


LaTeX Warning: Label `question@39' multiply defined.


LaTeX Warning: Label `question@40' multiply defined.


LaTeX Warning: Label `question@41' multiply defined.


LaTeX Warning: Label `question@42' multiply defined.


LaTeX Warning: Label `question@43' multiply defined.


LaTeX Warning: Label `question@44' multiply defined.


LaTeX Warning: Label `question@45' multiply defined.


LaTeX Warning: Label `question@46' multiply defined.


LaTeX Warning: Label `question@47' multiply defined.


LaTeX Warning: Label `question@48' multiply defined.


LaTeX Warning: Label `question@49' multiply defined.


LaTeX Warning: Label `question@50' multiply defined.


LaTeX Warning: Label `question@51' multiply defined.


LaTeX Warning: Label `question@52' multiply defined.


LaTeX Warning: Label `question@53' multiply defined.


LaTeX Warning: Label `question@54' multiply defined.


LaTeX Warning: Label `question@55' multiply defined.


LaTeX Warning: Label `question@56' multiply defined.


LaTeX Warning: Label `question@57' multiply defined.


LaTeX Warning: Label `question@58' multiply defined.


LaTeX Warning: Label `question@59' multiply defined.


LaTeX Warning: Label `question@60' multiply defined.


LaTeX Warning: Label `question@61' multiply defined.


LaTeX Warning: Label `question@62' multiply defined.


LaTeX Warning: Label `question@63' multiply defined.


LaTeX Warning: Label `question@64' multiply defined.


LaTeX Warning: Label `question@65' multiply defined.


LaTeX Warning: Label `question@66' multiply defined.


LaTeX Warning: Label `part@66@1' multiply defined.


LaTeX Warning: Label `part@66@2' multiply defined.


LaTeX Warning: Label `question@67' multiply defined.


LaTeX Warning: Label `question@68' multiply defined.


LaTeX Warning: Label `question@69' multiply defined.


LaTeX Warning: Label `question@70' multiply defined.


LaTeX Warning: Label `question@71' multiply defined.


LaTeX Warning: Label `question@72' multiply defined.


LaTeX Warning: Label `question@73' multiply defined.


LaTeX Warning: Label `question@74' multiply defined.


LaTeX Warning: Label `question@75' multiply defined.


LaTeX Warning: Label `question@76' multiply defined.


LaTeX Warning: Label `question@77' multiply defined.


LaTeX Warning: Label `question@78' multiply defined.


LaTeX Warning: Label `question@79' multiply defined.


LaTeX Warning: Label `question@80' multiply defined.


LaTeX Warning: Label `question@81' multiply defined.


LaTeX Warning: Label `question@82' multiply defined.


LaTeX Warning: Label `question@83' multiply defined.


LaTeX Warning: Label `question@84' multiply defined.


LaTeX Warning: Label `question@85' multiply defined.


LaTeX Warning: Label `question@86' multiply defined.


LaTeX Warning: Label `question@87' multiply defined.


LaTeX Warning: Label `question@88' multiply defined.


LaTeX Warning: Label `question@89' multiply defined.


LaTeX Warning: Label `question@90' multiply defined.


LaTeX Warning: Label `question@91' multiply defined.


LaTeX Warning: Label `question@92' multiply defined.


LaTeX Warning: Label `question@93' multiply defined.


LaTeX Warning: Label `question@94' multiply defined.


LaTeX Warning: Label `question@95' multiply defined.


LaTeX Warning: Label `question@96' multiply defined.


LaTeX Warning: Label `question@97' multiply defined.


LaTeX Warning: Label `question@98' multiply defined.


LaTeX Warning: Label `question@99' multiply defined.


LaTeX Warning: Label `question@100' multiply defined.


LaTeX Warning: Label `question@101' multiply defined.


LaTeX Warning: Label `question@102' multiply defined.


LaTeX Warning: Label `question@103' multiply defined.


LaTeX Warning: Label `part@103@1' multiply defined.


LaTeX Warning: Label `part@103@2' multiply defined.


LaTeX Warning: Label `question@104' multiply defined.


LaTeX Warning: Label `part@104@1' multiply defined.


LaTeX Warning: Label `part@104@2' multiply defined.


LaTeX Warning: Label `question@105' multiply defined.


LaTeX Warning: Label `question@106' multiply defined.


LaTeX Warning: Label `part@106@1' multiply defined.


LaTeX Warning: Label `part@106@2' multiply defined.


LaTeX Warning: Label `question@1' multiply defined.


LaTeX Warning: Label `question@2' multiply defined.


LaTeX Warning: Label `question@3' multiply defined.


LaTeX Warning: Label `question@4' multiply defined.


LaTeX Warning: Label `question@5' multiply defined.


LaTeX Warning: Label `question@6' multiply defined.


LaTeX Warning: Label `question@7' multiply defined.


LaTeX Warning: Label `question@8' multiply defined.


LaTeX Warning: Label `question@9' multiply defined.


LaTeX Warning: Label `question@10' multiply defined.


LaTeX Warning: Label `question@11' multiply defined.


LaTeX Warning: Label `question@12' multiply defined.


LaTeX Warning: Label `question@13' multiply defined.


LaTeX Warning: Label `question@14' multiply defined.


LaTeX Warning: Label `question@15' multiply defined.


LaTeX Warning: Label `question@16' multiply defined.


LaTeX Warning: Label `question@17' multiply defined.


LaTeX Warning: Label `question@18' multiply defined.


LaTeX Warning: Label `question@19' multiply defined.


LaTeX Warning: Label `question@20' multiply defined.


LaTeX Warning: Label `question@21' multiply defined.


LaTeX Warning: Label `question@22' multiply defined.


LaTeX Warning: Label `question@23' multiply defined.


LaTeX Warning: Label `question@24' multiply defined.


LaTeX Warning: Label `question@25' multiply defined.


LaTeX Warning: Label `question@26' multiply defined.


LaTeX Warning: Label `question@27' multiply defined.


LaTeX Warning: Label `question@28' multiply defined.


LaTeX Warning: Label `question@29' multiply defined.


LaTeX Warning: Label `question@30' multiply defined.


LaTeX Warning: Label `question@31' multiply defined.


LaTeX Warning: Label `part@31@1' multiply defined.


LaTeX Warning: Label `part@31@2' multiply defined.


LaTeX Warning: Label `question@32' multiply defined.


LaTeX Warning: Label `part@32@1' multiply defined.


LaTeX Warning: Label `part@32@2' multiply defined.


LaTeX Warning: Label `question@33' multiply defined.


LaTeX Warning: Label `question@34' multiply defined.


LaTeX Warning: Label `question@35' multiply defined.


LaTeX Warning: Label `question@36' multiply defined.


LaTeX Warning: Label `question@37' multiply defined.


LaTeX Warning: Label `question@38' multiply defined.


LaTeX Warning: Label `question@39' multiply defined.


LaTeX Warning: Label `question@40' multiply defined.


LaTeX Warning: Label `question@41' multiply defined.


LaTeX Warning: Label `question@42' multiply defined.


LaTeX Warning: Label `question@43' multiply defined.


LaTeX Warning: Label `question@44' multiply defined.


LaTeX Warning: Label `question@45' multiply defined.


LaTeX Warning: Label `question@46' multiply defined.


LaTeX Warning: Label `question@47' multiply defined.


LaTeX Warning: Label `question@48' multiply defined.


LaTeX Warning: Label `question@49' multiply defined.


LaTeX Warning: Label `question@50' multiply defined.


LaTeX Warning: Label `question@51' multiply defined.


LaTeX Warning: Label `question@52' multiply defined.


LaTeX Warning: Label `question@53' multiply defined.


LaTeX Warning: Label `question@54' multiply defined.


LaTeX Warning: Label `part@54@1' multiply defined.


LaTeX Warning: Label `part@54@2' multiply defined.


LaTeX Warning: Label `question@55' multiply defined.


LaTeX Warning: Label `part@55@1' multiply defined.


LaTeX Warning: Label `part@55@2' multiply defined.


LaTeX Warning: Label `part@55@3' multiply defined.


LaTeX Warning: Label `question@56' multiply defined.


LaTeX Warning: Label `question@57' multiply defined.


LaTeX Warning: Label `question@58' multiply defined.


LaTeX Warning: Label `question@59' multiply defined.


LaTeX Warning: Label `question@60' multiply defined.


LaTeX Warning: Label `question@61' multiply defined.


LaTeX Warning: Label `question@62' multiply defined.


LaTeX Warning: Label `question@63' multiply defined.


LaTeX Warning: Label `question@64' multiply defined.


LaTeX Warning: Label `question@65' multiply defined.


LaTeX Warning: Label `question@66' multiply defined.


LaTeX Warning: Label `question@67' multiply defined.


LaTeX Warning: Label `question@68' multiply defined.


LaTeX Warning: Label `part@68@1' multiply defined.


LaTeX Warning: Label `part@68@2' multiply defined.


LaTeX Warning: Label `part@68@3' multiply defined.


LaTeX Warning: Label `question@69' multiply defined.


LaTeX Warning: Label `question@70' multiply defined.


LaTeX Warning: Label `question@71' multiply defined.


LaTeX Warning: Label `question@72' multiply defined.


LaTeX Warning: Label `question@73' multiply defined.


LaTeX Warning: Label `question@74' multiply defined.


LaTeX Warning: Label `question@75' multiply defined.


LaTeX Warning: Label `question@76' multiply defined.


LaTeX Warning: Label `question@77' multiply defined.


LaTeX Warning: Label `question@78' multiply defined.


LaTeX Warning: Label `question@79' multiply defined.


LaTeX Warning: Label `question@80' multiply defined.


LaTeX Warning: Label `question@81' multiply defined.


LaTeX Warning: Label `question@82' multiply defined.


LaTeX Warning: Label `question@83' multiply defined.


LaTeX Warning: Label `question@84' multiply defined.


LaTeX Warning: Label `question@85' multiply defined.


LaTeX Warning: Label `question@86' multiply defined.


LaTeX Warning: Label `question@87' multiply defined.


LaTeX Warning: Label `question@88' multiply defined.


LaTeX Warning: Label `question@89' multiply defined.


LaTeX Warning: Label `question@90' multiply defined.


LaTeX Warning: Label `question@91' multiply defined.


LaTeX Warning: Label `question@92' multiply defined.


LaTeX Warning: Label `question@93' multiply defined.


LaTeX Warning: Label `question@94' multiply defined.


LaTeX Warning: Label `question@95' multiply defined.


LaTeX Warning: Label `part@95@1' multiply defined.


LaTeX Warning: Label `part@95@2' multiply defined.


LaTeX Warning: Label `question@96' multiply defined.


LaTeX Warning: Label `question@97' multiply defined.


LaTeX Warning: Label `question@98' multiply defined.


LaTeX Warning: Label `question@99' multiply defined.


LaTeX Warning: Label `question@100' multiply defined.


LaTeX Warning: Label `question@101' multiply defined.


LaTeX Warning: Label `question@102' multiply defined.


LaTeX Warning: Label `question@103' multiply defined.


LaTeX Warning: Label `question@104' multiply defined.


LaTeX Warning: Label `question@105' multiply defined.


LaTeX Warning: Label `question@106' multiply defined.


LaTeX Warning: Label `question@107' multiply defined.


LaTeX Warning: Label `question@108' multiply defined.


LaTeX Warning: Label `question@109' multiply defined.


LaTeX Warning: Label `question@110' multiply defined.


LaTeX Warning: Label `question@111' multiply defined.


LaTeX Warning: Label `question@112' multiply defined.


LaTeX Warning: Label `question@113' multiply defined.


LaTeX Warning: Label `question@114' multiply defined.


LaTeX Warning: Label `question@115' multiply defined.


LaTeX Warning: Label `question@1' multiply defined.


LaTeX Warning: Label `question@2' multiply defined.


LaTeX Warning: Label `question@3' multiply defined.


LaTeX Warning: Label `question@4' multiply defined.


LaTeX Warning: Label `question@5' multiply defined.


LaTeX Warning: Label `question@6' multiply defined.


LaTeX Warning: Label `question@7' multiply defined.


LaTeX Warning: Label `question@8' multiply defined.


LaTeX Warning: Label `question@9' multiply defined.


LaTeX Warning: Label `question@10' multiply defined.


LaTeX Warning: Label `question@11' multiply defined.


LaTeX Warning: Label `question@12' multiply defined.


LaTeX Warning: Label `question@13' multiply defined.


LaTeX Warning: Label `question@14' multiply defined.


LaTeX Warning: Label `question@15' multiply defined.


LaTeX Warning: Label `question@16' multiply defined.


LaTeX Warning: Label `question@17' multiply defined.


LaTeX Warning: Label `question@18' multiply defined.


LaTeX Warning: Label `question@19' multiply defined.


LaTeX Warning: Label `question@20' multiply defined.


LaTeX Warning: Label `question@21' multiply defined.


LaTeX Warning: Label `question@22' multiply defined.


LaTeX Warning: Label `question@23' multiply defined.


LaTeX Warning: Label `question@24' multiply defined.


LaTeX Warning: Label `question@25' multiply defined.


LaTeX Warning: Label `question@26' multiply defined.


LaTeX Warning: Label `question@27' multiply defined.


LaTeX Warning: Label `question@28' multiply defined.


LaTeX Warning: Label `question@29' multiply defined.


LaTeX Warning: Label `question@30' multiply defined.


LaTeX Warning: Label `question@31' multiply defined.


LaTeX Warning: Label `question@32' multiply defined.


LaTeX Warning: Label `question@33' multiply defined.


LaTeX Warning: Label `question@34' multiply defined.


LaTeX Warning: Label `part@34@1' multiply defined.


LaTeX Warning: Label `part@34@2' multiply defined.


LaTeX Warning: Label `part@34@3' multiply defined.


LaTeX Warning: Label `question@1' multiply defined.


LaTeX Warning: Label `question@2' multiply defined.


LaTeX Warning: Label `question@3' multiply defined.


LaTeX Warning: Label `question@4' multiply defined.


LaTeX Warning: Label `question@5' multiply defined.


LaTeX Warning: Label `question@6' multiply defined.


LaTeX Warning: Label `question@7' multiply defined.


LaTeX Warning: Label `question@8' multiply defined.


LaTeX Warning: Label `question@9' multiply defined.


LaTeX Warning: Label `question@10' multiply defined.


LaTeX Warning: Label `question@11' multiply defined.


LaTeX Warning: Label `question@12' multiply defined.


LaTeX Warning: Label `question@13' multiply defined.


LaTeX Warning: Label `question@14' multiply defined.


LaTeX Warning: Label `question@15' multiply defined.


LaTeX Warning: Label `question@16' multiply defined.


LaTeX Warning: Label `question@17' multiply defined.


LaTeX Warning: Label `question@18' multiply defined.


LaTeX Warning: Label `question@19' multiply defined.


LaTeX Warning: Label `question@20' multiply defined.


LaTeX Warning: Label `question@21' multiply defined.


LaTeX Warning: Label `question@22' multiply defined.


LaTeX Warning: Label `question@23' multiply defined.


LaTeX Warning: Label `question@24' multiply defined.


LaTeX Warning: Label `question@25' multiply defined.


LaTeX Warning: Label `question@26' multiply defined.


LaTeX Warning: Label `question@27' multiply defined.


LaTeX Warning: Label `question@28' multiply defined.


LaTeX Warning: Label `question@29' multiply defined.


LaTeX Warning: Label `question@30' multiply defined.


LaTeX Warning: Label `question@31' multiply defined.


LaTeX Warning: Label `question@32' multiply defined.


LaTeX Warning: Label `question@33' multiply defined.


LaTeX Warning: Label `question@34' multiply defined.


LaTeX Warning: Label `question@35' multiply defined.


LaTeX Warning: Label `question@36' multiply defined.


LaTeX Warning: Label `question@37' multiply defined.


LaTeX Warning: Label `question@38' multiply defined.


LaTeX Warning: Label `question@39' multiply defined.


LaTeX Warning: Label `question@40' multiply defined.


LaTeX Warning: Label `question@41' multiply defined.


LaTeX Warning: Label `question@42' multiply defined.


LaTeX Warning: Label `question@43' multiply defined.


LaTeX Warning: Label `question@44' multiply defined.


LaTeX Warning: Label `question@45' multiply defined.


LaTeX Warning: Label `question@46' multiply defined.


LaTeX Warning: Label `question@47' multiply defined.


LaTeX Warning: Label `question@48' multiply defined.


LaTeX Warning: Label `question@49' multiply defined.


LaTeX Warning: Label `question@50' multiply defined.


LaTeX Warning: Label `question@51' multiply defined.


LaTeX Warning: Label `question@52' multiply defined.


LaTeX Warning: Label `question@53' multiply defined.


LaTeX Warning: Label `question@54' multiply defined.


LaTeX Warning: Label `question@55' multiply defined.


LaTeX Warning: Label `question@56' multiply defined.


LaTeX Warning: Label `question@57' multiply defined.


LaTeX Warning: Label `question@58' multiply defined.


LaTeX Warning: Label `question@59' multiply defined.


LaTeX Warning: Label `question@60' multiply defined.


LaTeX Warning: Label `question@61' multiply defined.


LaTeX Warning: Label `question@62' multiply defined.


LaTeX Warning: Label `question@63' multiply defined.


LaTeX Warning: Label `question@64' multiply defined.


LaTeX Warning: Label `question@65' multiply defined.


LaTeX Warning: Label `question@66' multiply defined.


LaTeX Warning: Label `question@67' multiply defined.


LaTeX Warning: Label `question@68' multiply defined.


LaTeX Warning: Label `question@69' multiply defined.


LaTeX Warning: Label `question@70' multiply defined.


LaTeX Warning: Label `question@71' multiply defined.


LaTeX Warning: Label `question@72' multiply defined.


LaTeX Warning: Label `question@73' multiply defined.


LaTeX Warning: Label `question@74' multiply defined.


LaTeX Warning: Label `question@75' multiply defined.


LaTeX Warning: Label `question@76' multiply defined.


LaTeX Warning: Label `question@77' multiply defined.


LaTeX Warning: Label `question@78' multiply defined.


LaTeX Warning: Label `question@79' multiply defined.


LaTeX Warning: Label `question@80' multiply defined.


LaTeX Warning: Label `question@81' multiply defined.


LaTeX Warning: Label `question@82' multiply defined.


LaTeX Warning: Label `question@83' multiply defined.


LaTeX Warning: Label `question@84' multiply defined.


LaTeX Warning: Label `question@85' multiply defined.


LaTeX Warning: Label `question@86' multiply defined.


LaTeX Warning: Label `question@87' multiply defined.


LaTeX Warning: Label `part@87@1' multiply defined.


LaTeX Warning: Label `part@87@2' multiply defined.


LaTeX Warning: Label `part@87@3' multiply defined.


LaTeX Warning: Label `question@88' multiply defined.


LaTeX Warning: Label `part@88@1' multiply defined.


LaTeX Warning: Label `part@88@2' multiply defined.


LaTeX Warning: Label `question@89' multiply defined.


LaTeX Warning: Label `question@1' multiply defined.


LaTeX Warning: Label `question@2' multiply defined.


LaTeX Warning: Label `question@3' multiply defined.


LaTeX Warning: Label `question@4' multiply defined.


LaTeX Warning: Label `question@5' multiply defined.


LaTeX Warning: Label `question@6' multiply defined.


LaTeX Warning: Label `question@7' multiply defined.


LaTeX Warning: Label `question@8' multiply defined.


LaTeX Warning: Label `question@9' multiply defined.


LaTeX Warning: Label `question@10' multiply defined.


LaTeX Warning: Label `question@11' multiply defined.


LaTeX Warning: Label `question@12' multiply defined.


LaTeX Warning: Label `question@13' multiply defined.


LaTeX Warning: Label `part@13@1' multiply defined.


LaTeX Warning: Label `part@13@2' multiply defined.


LaTeX Warning: Label `question@14' multiply defined.


LaTeX Warning: Label `question@15' multiply defined.


LaTeX Warning: Label `question@16' multiply defined.


LaTeX Warning: Label `question@17' multiply defined.


LaTeX Warning: Label `question@18' multiply defined.


LaTeX Warning: Label `question@19' multiply defined.


LaTeX Warning: Label `question@20' multiply defined.


LaTeX Warning: Label `question@21' multiply defined.


LaTeX Warning: Label `question@22' multiply defined.


LaTeX Warning: Label `question@23' multiply defined.


LaTeX Warning: Label `question@24' multiply defined.


LaTeX Warning: Label `question@25' multiply defined.


LaTeX Warning: Label `question@26' multiply defined.


LaTeX Warning: Label `question@27' multiply defined.


LaTeX Warning: Label `question@28' multiply defined.


LaTeX Warning: Label `question@29' multiply defined.


LaTeX Warning: Label `question@30' multiply defined.


LaTeX Warning: Label `question@31' multiply defined.


LaTeX Warning: Label `question@32' multiply defined.


LaTeX Warning: Label `question@33' multiply defined.


LaTeX Warning: Label `question@34' multiply defined.


LaTeX Warning: Label `question@35' multiply defined.


LaTeX Warning: Label `question@36' multiply defined.


LaTeX Warning: Label `question@37' multiply defined.


LaTeX Warning: Label `question@38' multiply defined.


LaTeX Warning: Label `question@39' multiply defined.


LaTeX Warning: Label `question@40' multiply defined.


LaTeX Warning: Label `question@41' multiply defined.


LaTeX Warning: Label `question@42' multiply defined.


LaTeX Warning: Label `question@43' multiply defined.


LaTeX Warning: Label `question@44' multiply defined.


LaTeX Warning: Label `question@45' multiply defined.


LaTeX Warning: Label `question@46' multiply defined.


LaTeX Warning: Label `question@47' multiply defined.


LaTeX Warning: Label `question@48' multiply defined.


LaTeX Warning: Label `question@49' multiply defined.


LaTeX Warning: Label `question@1' multiply defined.


LaTeX Warning: Label `question@2' multiply defined.


LaTeX Warning: Label `question@3' multiply defined.


LaTeX Warning: Label `question@4' multiply defined.


LaTeX Warning: Label `question@5' multiply defined.


LaTeX Warning: Label `question@6' multiply defined.


LaTeX Warning: Label `question@7' multiply defined.


LaTeX Warning: Label `question@8' multiply defined.


LaTeX Warning: Label `question@9' multiply defined.


LaTeX Warning: Label `question@10' multiply defined.


LaTeX Warning: Label `question@11' multiply defined.


LaTeX Warning: Label `question@12' multiply defined.


LaTeX Warning: Label `question@13' multiply defined.


LaTeX Warning: Label `question@14' multiply defined.


LaTeX Warning: Label `question@15' multiply defined.


LaTeX Warning: Label `question@16' multiply defined.


LaTeX Warning: Label `question@17' multiply defined.


LaTeX Warning: Label `question@18' multiply defined.


LaTeX Warning: Label `question@19' multiply defined.


LaTeX Warning: Label `question@20' multiply defined.


LaTeX Warning: Label `question@21' multiply defined.


LaTeX Warning: Label `question@22' multiply defined.


LaTeX Warning: Label `question@23' multiply defined.


LaTeX Warning: Label `question@24' multiply defined.


LaTeX Warning: Label `question@25' multiply defined.


LaTeX Warning: Label `question@26' multiply defined.


LaTeX Warning: Label `question@27' multiply defined.


LaTeX Warning: Label `question@28' multiply defined.


LaTeX Warning: Label `question@29' multiply defined.


LaTeX Warning: Label `question@30' multiply defined.


LaTeX Warning: Label `question@31' multiply defined.


LaTeX Warning: Label `question@32' multiply defined.


LaTeX Warning: Label `question@1' multiply defined.


LaTeX Warning: Label `question@2' multiply defined.


LaTeX Warning: Label `question@3' multiply defined.


LaTeX Warning: Label `question@4' multiply defined.


LaTeX Warning: Label `question@5' multiply defined.


LaTeX Warning: Label `question@6' multiply defined.


LaTeX Warning: Label `question@7' multiply defined.


LaTeX Warning: Label `question@8' multiply defined.


LaTeX Warning: Label `question@9' multiply defined.


LaTeX Warning: Label `question@10' multiply defined.


LaTeX Warning: Label `question@11' multiply defined.


LaTeX Warning: Label `question@12' multiply defined.


LaTeX Warning: Label `question@13' multiply defined.


LaTeX Warning: Label `question@14' multiply defined.


LaTeX Warning: Label `question@15' multiply defined.


LaTeX Warning: Label `question@16' multiply defined.


LaTeX Warning: Label `question@17' multiply defined.


LaTeX Warning: Label `part@17@1' multiply defined.


LaTeX Warning: Label `part@17@2' multiply defined.


LaTeX Warning: Label `question@18' multiply defined.


LaTeX Warning: Label `question@19' multiply defined.


LaTeX Warning: Label `question@20' multiply defined.


LaTeX Warning: Label `question@21' multiply defined.


LaTeX Warning: Label `question@22' multiply defined.


LaTeX Warning: Label `question@23' multiply defined.


LaTeX Warning: Label `question@24' multiply defined.


LaTeX Warning: Label `question@25' multiply defined.


LaTeX Warning: Label `question@26' multiply defined.


LaTeX Warning: Label `question@27' multiply defined.


LaTeX Warning: Label `question@28' multiply defined.


LaTeX Warning: Label `question@29' multiply defined.


LaTeX Warning: Label `question@30' multiply defined.


LaTeX Warning: Label `question@31' multiply defined.


LaTeX Warning: Label `question@32' multiply defined.


LaTeX Warning: Label `question@33' multiply defined.


LaTeX Warning: Label `question@34' multiply defined.


LaTeX Warning: Label `question@35' multiply defined.


LaTeX Warning: Label `question@36' multiply defined.


LaTeX Warning: Label `question@37' multiply defined.


LaTeX Warning: Label `question@38' multiply defined.


LaTeX Warning: Label `question@39' multiply defined.


LaTeX Warning: Label `question@40' multiply defined.


LaTeX Warning: Label `question@41' multiply defined.


LaTeX Warning: Label `question@42' multiply defined.


LaTeX Warning: Label `question@43' multiply defined.


LaTeX Warning: Label `question@44' multiply defined.


LaTeX Warning: Label `question@45' multiply defined.


LaTeX Warning: Label `question@46' multiply defined.


LaTeX Warning: Label `part@46@1' multiply defined.


LaTeX Warning: Label `subpart@46@1@1' multiply defined.


LaTeX Warning: Label `subpart@46@1@2' multiply defined.


LaTeX Warning: Label `part@46@2' multiply defined.


LaTeX Warning: Label `subpart@46@2@1' multiply defined.


LaTeX Warning: Label `subpart@46@2@2' multiply defined.


LaTeX Warning: Label `question@47' multiply defined.


LaTeX Warning: Label `question@48' multiply defined.


LaTeX Warning: Label `question@49' multiply defined.


LaTeX Warning: Label `question@50' multiply defined.


LaTeX Warning: Label `question@51' multiply defined.


LaTeX Warning: Label `question@52' multiply defined.


LaTeX Warning: Label `question@53' multiply defined.


LaTeX Warning: Label `question@54' multiply defined.


LaTeX Warning: Label `question@55' multiply defined.


LaTeX Warning: Label `question@56' multiply defined.


LaTeX Warning: Label `question@57' multiply defined.


LaTeX Warning: Label `part@57@1' multiply defined.


LaTeX Warning: Label `part@57@2' multiply defined.


LaTeX Warning: Label `question@58' multiply defined.


LaTeX Warning: Label `question@59' multiply defined.


LaTeX Warning: Label `question@60' multiply defined.


LaTeX Warning: Label `question@61' multiply defined.


LaTeX Warning: Label `part@61@1' multiply defined.


LaTeX Warning: Label `part@61@2' multiply defined.


LaTeX Warning: Label `part@61@3' multiply defined.


LaTeX Warning: Label `question@62' multiply defined.


LaTeX Warning: Label `part@62@1' multiply defined.


LaTeX Warning: Label `part@62@2' multiply defined.


LaTeX Warning: Label `part@62@3' multiply defined.


LaTeX Warning: Label `question@1' multiply defined.


LaTeX Warning: Label `question@2' multiply defined.


LaTeX Warning: Label `question@3' multiply defined.


LaTeX Warning: Label `question@4' multiply defined.


LaTeX Warning: Label `question@5' multiply defined.


LaTeX Warning: Label `question@6' multiply defined.


LaTeX Warning: Label `question@7' multiply defined.


LaTeX Warning: Label `question@8' multiply defined.


LaTeX Warning: Label `question@9' multiply defined.


LaTeX Warning: Label `part@9@1' multiply defined.


LaTeX Warning: Label `part@9@2' multiply defined.


LaTeX Warning: Label `question@10' multiply defined.


LaTeX Warning: Label `question@11' multiply defined.


LaTeX Warning: Label `question@12' multiply defined.


LaTeX Warning: Label `question@13' multiply defined.


LaTeX Warning: Label `question@14' multiply defined.


LaTeX Warning: Label `question@15' multiply defined.


LaTeX Warning: Label `question@16' multiply defined.


LaTeX Warning: Label `question@17' multiply defined.


LaTeX Warning: Label `question@18' multiply defined.


LaTeX Warning: Label `question@19' multiply defined.


LaTeX Warning: Label `question@20' multiply defined.


LaTeX Warning: Label `question@21' multiply defined.


LaTeX Warning: Label `question@22' multiply defined.


LaTeX Warning: Label `question@23' multiply defined.


LaTeX Warning: Label `question@24' multiply defined.


LaTeX Warning: Label `question@25' multiply defined.


LaTeX Warning: Label `question@26' multiply defined.


LaTeX Warning: Label `question@27' multiply defined.


LaTeX Warning: Label `question@28' multiply defined.


LaTeX Warning: Label `part@28@1' multiply defined.


LaTeX Warning: Label `part@28@2' multiply defined.


LaTeX Warning: Label `question@29' multiply defined.


LaTeX Warning: Label `part@29@1' multiply defined.


LaTeX Warning: Label `part@29@2' multiply defined.


LaTeX Warning: Label `part@29@3' multiply defined.


LaTeX Warning: Label `question@30' multiply defined.


LaTeX Warning: Label `part@30@1' multiply defined.


LaTeX Warning: Label `part@30@2' multiply defined.


LaTeX Warning: Label `question@31' multiply defined.


LaTeX Warning: Label `part@31@1' multiply defined.


LaTeX Warning: Label `part@31@2' multiply defined.


LaTeX Warning: Label `question@32' multiply defined.


LaTeX Warning: Label `question@33' multiply defined.


LaTeX Warning: Label `question@34' multiply defined.


LaTeX Warning: Label `question@35' multiply defined.


LaTeX Warning: Label `question@36' multiply defined.


LaTeX Warning: Label `question@37' multiply defined.


LaTeX Warning: Label `question@38' multiply defined.


LaTeX Warning: Label `question@39' multiply defined.


LaTeX Warning: Label `question@40' multiply defined.


LaTeX Warning: Label `question@41' multiply defined.


LaTeX Warning: Label `question@42' multiply defined.


LaTeX Warning: Label `question@43' multiply defined.


LaTeX Warning: Label `question@44' multiply defined.


LaTeX Warning: Label `question@45' multiply defined.


LaTeX Warning: Label `question@46' multiply defined.


LaTeX Warning: Label `part@46@1' multiply defined.


LaTeX Warning: Label `part@46@2' multiply defined.


LaTeX Warning: Label `question@47' multiply defined.


LaTeX Warning: Label `part@47@1' multiply defined.


LaTeX Warning: Label `part@47@2' multiply defined.


LaTeX Warning: Label `question@48' multiply defined.


LaTeX Warning: Label `part@48@1' multiply defined.


LaTeX Warning: Label `part@48@2' multiply defined.


LaTeX Warning: Label `question@49' multiply defined.


LaTeX Warning: Label `question@50' multiply defined.


LaTeX Warning: Label `question@51' multiply defined.


LaTeX Warning: Label `part@51@1' multiply defined.


LaTeX Warning: Label `part@51@2' multiply defined.


LaTeX Warning: Label `part@51@3' multiply defined.


LaTeX Warning: Label `question@52' multiply defined.


LaTeX Warning: Label `question@53' multiply defined.


LaTeX Warning: Label `part@53@1' multiply defined.


LaTeX Warning: Label `part@53@2' multiply defined.


LaTeX Warning: Label `question@54' multiply defined.


LaTeX Warning: Label `question@55' multiply defined.


LaTeX Warning: Label `question@56' multiply defined.


LaTeX Warning: Label `question@57' multiply defined.


LaTeX Warning: Label `question@58' multiply defined.


LaTeX Warning: Label `part@58@1' multiply defined.


LaTeX Warning: Label `part@58@2' multiply defined.


LaTeX Warning: Label `part@58@3' multiply defined.


LaTeX Warning: Label `question@59' multiply defined.


LaTeX Warning: Label `part@59@1' multiply defined.


LaTeX Warning: Label `part@59@2' multiply defined.


LaTeX Warning: Label `part@59@3' multiply defined.


LaTeX Warning: Label `question@60' multiply defined.


LaTeX Warning: Label `part@60@1' multiply defined.


LaTeX Warning: Label `part@60@2' multiply defined.


LaTeX Warning: Label `part@60@3' multiply defined.


LaTeX Warning: Label `part@60@4' multiply defined.


LaTeX Warning: Label `question@61' multiply defined.


LaTeX Warning: Label `part@61@1' multiply defined.


LaTeX Warning: Label `part@61@2' multiply defined.


LaTeX Warning: Label `part@61@3' multiply defined.


LaTeX Warning: Label `part@61@4' multiply defined.


LaTeX Warning: Label `question@62' multiply defined.


LaTeX Warning: Label `question@63' multiply defined.


LaTeX Warning: Label `question@64' multiply defined.


LaTeX Warning: Label `question@65' multiply defined.


LaTeX Warning: Label `question@66' multiply defined.


LaTeX Warning: Label `question@67' multiply defined.


LaTeX Warning: Label `question@68' multiply defined.


LaTeX Warning: Label `question@69' multiply defined.


LaTeX Warning: Label `question@70' multiply defined.


LaTeX Warning: Label `question@71' multiply defined.


LaTeX Warning: Label `question@72' multiply defined.


LaTeX Warning: Label `question@73' multiply defined.


LaTeX Warning: Label `question@74' multiply defined.


LaTeX Warning: Label `question@75' multiply defined.


LaTeX Warning: Label `question@76' multiply defined.


LaTeX Warning: Label `question@77' multiply defined.


LaTeX Warning: Label `question@78' multiply defined.


LaTeX Warning: Label `question@79' multiply defined.


LaTeX Warning: Label `question@80' multiply defined.


LaTeX Warning: Label `question@81' multiply defined.


LaTeX Warning: Label `question@82' multiply defined.


LaTeX Warning: Label `question@83' multiply defined.


LaTeX Warning: Label `question@84' multiply defined.


LaTeX Warning: Label `part@84@1' multiply defined.


LaTeX Warning: Label `part@84@2' multiply defined.


LaTeX Warning: Label `question@85' multiply defined.


LaTeX Warning: Label `question@86' multiply defined.


LaTeX Warning: Label `part@86@1' multiply defined.


LaTeX Warning: Label `part@86@2' multiply defined.


LaTeX Warning: Label `question@87' multiply defined.


LaTeX Warning: Label `question@88' multiply defined.


LaTeX Warning: Label `question@89' multiply defined.


LaTeX Warning: Label `part@89@1' multiply defined.


LaTeX Warning: Label `part@89@2' multiply defined.


LaTeX Warning: Label `question@90' multiply defined.


LaTeX Warning: Label `part@90@1' multiply defined.


LaTeX Warning: Label `part@90@2' multiply defined.


LaTeX Warning: Label `question@91' multiply defined.


LaTeX Warning: Label `part@91@1' multiply defined.


LaTeX Warning: Label `part@91@2' multiply defined.


LaTeX Warning: Label `question@92' multiply defined.


LaTeX Warning: Label `part@92@1' multiply defined.


LaTeX Warning: Label `part@92@2' multiply defined.


LaTeX Warning: Label `question@93' multiply defined.


LaTeX Warning: Label `part@93@1' multiply defined.


LaTeX Warning: Label `part@93@2' multiply defined.


LaTeX Warning: Label `question@94' multiply defined.


LaTeX Warning: Label `question@95' multiply defined.


LaTeX Warning: Label `question@96' multiply defined.


LaTeX Warning: Label `part@96@1' multiply defined.


LaTeX Warning: Label `part@96@2' multiply defined.


LaTeX Warning: Label `question@97' multiply defined.


LaTeX Warning: Label `question@98' multiply defined.


LaTeX Warning: Label `question@99' multiply defined.


LaTeX Warning: Label `question@100' multiply defined.


LaTeX Warning: Label `question@101' multiply defined.


LaTeX Warning: Label `question@102' multiply defined.


LaTeX Warning: Label `question@103' multiply defined.


LaTeX Warning: Label `question@104' multiply defined.


LaTeX Warning: Label `question@105' multiply defined.


LaTeX Warning: Label `question@106' multiply defined.


LaTeX Warning: Label `question@107' multiply defined.


LaTeX Warning: Label `question@108' multiply defined.


LaTeX Warning: Label `question@109' multiply defined.


LaTeX Warning: Label `question@110' multiply defined.


LaTeX Warning: Label `question@111' multiply defined.


LaTeX Warning: Label `question@112' multiply defined.


LaTeX Warning: Label `question@113' multiply defined.


LaTeX Warning: Label `question@114' multiply defined.


LaTeX Warning: Label `question@115' multiply defined.


LaTeX Warning: Label `question@116' multiply defined.


LaTeX Warning: Label `question@117' multiply defined.


LaTeX Warning: Label `question@118' multiply defined.


LaTeX Warning: Label `question@119' multiply defined.


LaTeX Warning: Label `question@120' multiply defined.


LaTeX Warning: Label `question@121' multiply defined.


LaTeX Warning: Label `question@122' multiply defined.


LaTeX Warning: Label `question@123' multiply defined.


LaTeX Warning: Label `question@124' multiply defined.


LaTeX Warning: Label `question@125' multiply defined.


LaTeX Warning: Label `question@126' multiply defined.


LaTeX Warning: Label `question@127' multiply defined.


LaTeX Warning: Label `question@128' multiply defined.


LaTeX Warning: Label `question@129' multiply defined.


LaTeX Warning: Label `question@130' multiply defined.


LaTeX Warning: Label `question@1' multiply defined.


LaTeX Warning: Label `question@2' multiply defined.


LaTeX Warning: Label `question@3' multiply defined.


LaTeX Warning: Label `question@4' multiply defined.


LaTeX Warning: Label `question@5' multiply defined.


LaTeX Warning: Label `question@6' multiply defined.


LaTeX Warning: Label `question@7' multiply defined.


LaTeX Warning: Label `question@8' multiply defined.


LaTeX Warning: Label `question@9' multiply defined.


LaTeX Warning: Label `question@1' multiply defined.


LaTeX Warning: Label `question@2' multiply defined.


LaTeX Warning: Label `question@3' multiply defined.


LaTeX Warning: Label `question@4' multiply defined.


LaTeX Warning: Label `question@5' multiply defined.


LaTeX Warning: Label `question@6' multiply defined.


LaTeX Warning: Label `question@7' multiply defined.


LaTeX Warning: Label `question@8' multiply defined.


LaTeX Warning: Label `question@9' multiply defined.


LaTeX Warning: Label `question@10' multiply defined.


LaTeX Warning: Label `question@11' multiply defined.


LaTeX Warning: Label `question@12' multiply defined.


LaTeX Warning: Label `question@13' multiply defined.


LaTeX Warning: Label `part@13@1' multiply defined.


LaTeX Warning: Label `part@13@2' multiply defined.


LaTeX Warning: Label `question@14' multiply defined.


LaTeX Warning: Label `part@14@1' multiply defined.


LaTeX Warning: Label `part@14@2' multiply defined.


LaTeX Warning: Label `question@15' multiply defined.


LaTeX Warning: Label `part@15@1' multiply defined.


LaTeX Warning: Label `part@15@2' multiply defined.


LaTeX Warning: Label `question@16' multiply defined.


LaTeX Warning: Label `question@17' multiply defined.


LaTeX Warning: Label `question@18' multiply defined.


LaTeX Warning: Label `question@19' multiply defined.


LaTeX Warning: Label `part@19@1' multiply defined.


LaTeX Warning: Label `part@19@2' multiply defined.


LaTeX Warning: Label `question@20' multiply defined.


LaTeX Warning: Label `question@21' multiply defined.


LaTeX Warning: Label `question@22' multiply defined.


LaTeX Warning: Label `part@22@1' multiply defined.


LaTeX Warning: Label `part@22@2' multiply defined.


LaTeX Warning: Label `question@23' multiply defined.


LaTeX Warning: Label `part@23@1' multiply defined.


LaTeX Warning: Label `part@23@2' multiply defined.


LaTeX Warning: Label `part@23@3' multiply defined.


LaTeX Warning: Label `question@24' multiply defined.


LaTeX Warning: Label `question@25' multiply defined.


LaTeX Warning: Label `question@26' multiply defined.


LaTeX Warning: Label `question@27' multiply defined.


LaTeX Warning: Label `part@27@1' multiply defined.


LaTeX Warning: Label `part@27@2' multiply defined.


LaTeX Warning: Label `part@27@3' multiply defined.


LaTeX Warning: Label `question@28' multiply defined.


LaTeX Warning: Label `part@28@1' multiply defined.


LaTeX Warning: Label `part@28@2' multiply defined.


LaTeX Warning: Label `part@28@3' multiply defined.


LaTeX Warning: Label `question@29' multiply defined.


LaTeX Warning: Label `part@29@1' multiply defined.


LaTeX Warning: Label `part@29@2' multiply defined.


LaTeX Warning: Label `question@30' multiply defined.


LaTeX Warning: Label `question@31' multiply defined.


LaTeX Warning: Label `part@31@1' multiply defined.


LaTeX Warning: Label `part@31@2' multiply defined.


LaTeX Warning: Label `question@32' multiply defined.


LaTeX Warning: Label `question@33' multiply defined.


LaTeX Warning: Label `question@34' multiply defined.


LaTeX Warning: Label `question@35' multiply defined.


LaTeX Warning: Label `question@36' multiply defined.


LaTeX Warning: Label `part@36@1' multiply defined.


LaTeX Warning: Label `part@36@2' multiply defined.


LaTeX Warning: Label `question@37' multiply defined.


LaTeX Warning: Label `question@38' multiply defined.


LaTeX Warning: Label `part@38@1' multiply defined.


LaTeX Warning: Label `part@38@2' multiply defined.


LaTeX Warning: Label `question@39' multiply defined.


LaTeX Warning: Label `question@40' multiply defined.


LaTeX Warning: Label `part@40@1' multiply defined.


LaTeX Warning: Label `part@40@2' multiply defined.


LaTeX Warning: Label `question@41' multiply defined.


LaTeX Warning: Label `part@41@1' multiply defined.


LaTeX Warning: Label `part@41@2' multiply defined.


LaTeX Warning: Label `part@41@3' multiply defined.


LaTeX Warning: Label `question@42' multiply defined.


LaTeX Warning: Label `part@42@1' multiply defined.


LaTeX Warning: Label `part@42@2' multiply defined.


LaTeX Warning: Label `part@42@3' multiply defined.


LaTeX Warning: Label `question@43' multiply defined.


LaTeX Warning: Label `part@43@1' multiply defined.


LaTeX Warning: Label `part@43@2' multiply defined.


LaTeX Warning: Label `part@43@3' multiply defined.


LaTeX Warning: Label `question@1' multiply defined.


LaTeX Warning: Label `question@2' multiply defined.


LaTeX Warning: Label `question@3' multiply defined.


LaTeX Warning: Label `part@3@1' multiply defined.


LaTeX Warning: Label `part@3@2' multiply defined.


LaTeX Warning: Label `question@4' multiply defined.


LaTeX Warning: Label `question@5' multiply defined.


LaTeX Warning: Label `question@6' multiply defined.


LaTeX Warning: Label `question@7' multiply defined.


LaTeX Warning: Label `question@8' multiply defined.


LaTeX Warning: Label `question@9' multiply defined.


LaTeX Warning: Label `question@10' multiply defined.


LaTeX Warning: Label `question@11' multiply defined.


LaTeX Warning: Label `question@12' multiply defined.


LaTeX Warning: Label `question@13' multiply defined.


LaTeX Warning: Label `part@13@1' multiply defined.


LaTeX Warning: Label `part@13@2' multiply defined.


LaTeX Warning: Label `question@14' multiply defined.


LaTeX Warning: Label `question@15' multiply defined.


LaTeX Warning: Label `part@15@1' multiply defined.


LaTeX Warning: Label `part@15@2' multiply defined.


LaTeX Warning: Label `part@15@3' multiply defined.


LaTeX Warning: Label `question@1' multiply defined.


LaTeX Warning: Label `question@2' multiply defined.


LaTeX Warning: Label `question@3' multiply defined.


LaTeX Warning: Label `question@4' multiply defined.


LaTeX Warning: Label `question@5' multiply defined.


LaTeX Warning: Label `question@6' multiply defined.


LaTeX Warning: Label `question@7' multiply defined.


LaTeX Warning: Label `question@8' multiply defined.


LaTeX Warning: Label `question@9' multiply defined.


LaTeX Warning: Label `question@10' multiply defined.


LaTeX Warning: Label `question@11' multiply defined.


LaTeX Warning: Label `question@12' multiply defined.


LaTeX Warning: Label `part@12@1' multiply defined.


LaTeX Warning: Label `part@12@2' multiply defined.


LaTeX Warning: Label `question@13' multiply defined.


LaTeX Warning: Label `question@14' multiply defined.


LaTeX Warning: Label `question@15' multiply defined.


LaTeX Warning: Label `question@16' multiply defined.


LaTeX Warning: Label `question@17' multiply defined.


LaTeX Warning: Label `question@18' multiply defined.


LaTeX Warning: Label `part@18@1' multiply defined.


LaTeX Warning: Label `part@18@2' multiply defined.


LaTeX Warning: Label `part@18@3' multiply defined.


LaTeX Warning: Label `question@19' multiply defined.


LaTeX Warning: Label `question@20' multiply defined.


LaTeX Warning: Label `question@21' multiply defined.


LaTeX Warning: Label `question@22' multiply defined.


LaTeX Warning: Label `question@23' multiply defined.


LaTeX Warning: Label `question@24' multiply defined.


LaTeX Warning: Label `question@25' multiply defined.


LaTeX Warning: Label `question@26' multiply defined.


LaTeX Warning: Label `question@27' multiply defined.


LaTeX Warning: Label `question@28' multiply defined.


LaTeX Warning: Label `question@29' multiply defined.


LaTeX Warning: Label `question@30' multiply defined.


LaTeX Warning: Label `question@31' multiply defined.


LaTeX Warning: Label `question@32' multiply defined.


LaTeX Warning: Label `question@33' multiply defined.


LaTeX Warning: Label `question@34' multiply defined.


LaTeX Warning: Label `question@35' multiply defined.


LaTeX Warning: Label `question@36' multiply defined.


LaTeX Warning: Label `question@37' multiply defined.


LaTeX Warning: Label `question@38' multiply defined.


LaTeX Warning: Label `question@39' multiply defined.


LaTeX Warning: Label `question@40' multiply defined.


LaTeX Warning: Label `question@41' multiply defined.


LaTeX Warning: Label `question@42' multiply defined.


LaTeX Warning: Label `question@43' multiply defined.


LaTeX Warning: Label `question@44' multiply defined.


LaTeX Warning: Label `question@45' multiply defined.


LaTeX Warning: Label `question@46' multiply defined.


LaTeX Warning: Label `question@47' multiply defined.


LaTeX Warning: Label `question@48' multiply defined.


LaTeX Warning: Label `part@48@1' multiply defined.


LaTeX Warning: Label `part@48@2' multiply defined.


LaTeX Warning: Label `part@48@3' multiply defined.


LaTeX Warning: Label `question@49' multiply defined.


LaTeX Warning: Label `question@50' multiply defined.


LaTeX Warning: Label `part@50@1' multiply defined.


LaTeX Warning: Label `part@50@2' multiply defined.


LaTeX Warning: Label `question@51' multiply defined.


LaTeX Warning: Label `question@52' multiply defined.


LaTeX Warning: Label `part@52@1' multiply defined.


LaTeX Warning: Label `part@52@2' multiply defined.


LaTeX Warning: Label `part@52@3' multiply defined.


LaTeX Warning: Label `question@53' multiply defined.


LaTeX Warning: Label `part@53@1' multiply defined.


LaTeX Warning: Label `part@53@2' multiply defined.


LaTeX Warning: Label `question@54' multiply defined.


LaTeX Warning: Label `part@54@1' multiply defined.


LaTeX Warning: Label `part@54@2' multiply defined.


LaTeX Warning: Label `part@54@3' multiply defined.


LaTeX Warning: Label `question@55' multiply defined.


LaTeX Warning: Label `part@55@1' multiply defined.


LaTeX Warning: Label `part@55@2' multiply defined.


LaTeX Warning: Label `part@55@3' multiply defined.


LaTeX Warning: Label `question@56' multiply defined.


LaTeX Warning: Label `part@56@1' multiply defined.


LaTeX Warning: Label `part@56@2' multiply defined.


LaTeX Warning: Label `part@56@3' multiply defined.


LaTeX Warning: Label `question@57' multiply defined.


LaTeX Warning: Label `part@57@1' multiply defined.


LaTeX Warning: Label `part@57@2' multiply defined.


LaTeX Warning: Label `question@58' multiply defined.


LaTeX Warning: Label `part@58@1' multiply defined.


LaTeX Warning: Label `part@58@2' multiply defined.


LaTeX Warning: Label `part@58@3' multiply defined.


LaTeX Warning: Label `question@1' multiply defined.


LaTeX Warning: Label `question@2' multiply defined.


LaTeX Warning: Label `question@3' multiply defined.


LaTeX Warning: Label `question@4' multiply defined.


LaTeX Warning: Label `question@5' multiply defined.


LaTeX Warning: Label `question@6' multiply defined.


LaTeX Warning: Label `question@7' multiply defined.


LaTeX Warning: Label `question@8' multiply defined.


LaTeX Warning: Label `part@8@1' multiply defined.


LaTeX Warning: Label `part@8@2' multiply defined.


LaTeX Warning: Label `part@8@3' multiply defined.


LaTeX Warning: Label `question@9' multiply defined.


LaTeX Warning: Label `question@10' multiply defined.


LaTeX Warning: Label `question@11' multiply defined.


LaTeX Warning: Label `question@12' multiply defined.


LaTeX Warning: Label `question@13' multiply defined.


LaTeX Warning: Label `question@14' multiply defined.


LaTeX Warning: Label `question@15' multiply defined.


LaTeX Warning: Label `question@16' multiply defined.


LaTeX Warning: Label `question@17' multiply defined.


LaTeX Warning: Label `question@18' multiply defined.


LaTeX Warning: Label `question@19' multiply defined.


LaTeX Warning: Label `question@20' multiply defined.


LaTeX Warning: Label `part@20@1' multiply defined.


LaTeX Warning: Label `part@20@2' multiply defined.


LaTeX Warning: Label `question@21' multiply defined.


LaTeX Warning: Label `question@22' multiply defined.


LaTeX Warning: Label `question@23' multiply defined.


LaTeX Warning: Label `question@24' multiply defined.


LaTeX Warning: Label `question@25' multiply defined.


LaTeX Warning: Label `question@26' multiply defined.


LaTeX Warning: Label `question@27' multiply defined.


LaTeX Warning: Label `question@28' multiply defined.


LaTeX Warning: Label `question@29' multiply defined.


LaTeX Warning: Label `question@30' multiply defined.


LaTeX Warning: Label `question@31' multiply defined.


LaTeX Warning: Label `question@32' multiply defined.


LaTeX Warning: Label `question@33' multiply defined.


LaTeX Warning: Label `question@34' multiply defined.


LaTeX Warning: Label `question@35' multiply defined.


LaTeX Warning: Label `question@36' multiply defined.


LaTeX Warning: Label `question@37' multiply defined.


LaTeX Warning: Label `question@38' multiply defined.


LaTeX Warning: Label `question@39' multiply defined.


LaTeX Warning: Label `question@40' multiply defined.


LaTeX Warning: Label `question@41' multiply defined.


LaTeX Warning: Label `question@42' multiply defined.


LaTeX Warning: Label `question@43' multiply defined.


LaTeX Warning: Label `question@44' multiply defined.


LaTeX Warning: Label `question@45' multiply defined.


LaTeX Warning: Label `question@46' multiply defined.


LaTeX Warning: Label `question@47' multiply defined.


LaTeX Warning: Label `question@48' multiply defined.


LaTeX Warning: Label `question@49' multiply defined.


LaTeX Warning: Label `question@50' multiply defined.


LaTeX Warning: Label `question@51' multiply defined.


LaTeX Warning: Label `question@52' multiply defined.


LaTeX Warning: Label `question@53' multiply defined.


LaTeX Warning: Label `question@54' multiply defined.


LaTeX Warning: Label `question@55' multiply defined.


LaTeX Warning: Label `question@56' multiply defined.


LaTeX Warning: Label `question@57' multiply defined.


LaTeX Warning: Label `question@58' multiply defined.


LaTeX Warning: Label `question@59' multiply defined.


LaTeX Warning: Label `question@60' multiply defined.


LaTeX Warning: Label `question@61' multiply defined.


LaTeX Warning: Label `question@62' multiply defined.


LaTeX Warning: Label `question@63' multiply defined.


LaTeX Warning: Label `question@64' multiply defined.


LaTeX Warning: Label `question@65' multiply defined.


LaTeX Warning: Label `question@66' multiply defined.


LaTeX Warning: Label `question@67' multiply defined.


LaTeX Warning: Label `question@68' multiply defined.


LaTeX Warning: Label `question@69' multiply defined.


LaTeX Warning: Label `question@70' multiply defined.


LaTeX Warning: Label `question@71' multiply defined.


LaTeX Warning: Label `question@72' multiply defined.


LaTeX Warning: Label `question@73' multiply defined.


LaTeX Warning: Label `question@74' multiply defined.


LaTeX Warning: Label `question@75' multiply defined.


LaTeX Warning: Label `question@76' multiply defined.


LaTeX Warning: Label `question@77' multiply defined.


LaTeX Warning: Label `question@78' multiply defined.


LaTeX Warning: Label `question@79' multiply defined.


LaTeX Warning: Label `question@80' multiply defined.


LaTeX Warning: Label `question@81' multiply defined.


LaTeX Warning: Label `part@81@1' multiply defined.


LaTeX Warning: Label `part@81@2' multiply defined.


LaTeX Warning: Label `part@81@3' multiply defined.


LaTeX Warning: Label `question@82' multiply defined.


LaTeX Warning: Label `part@82@1' multiply defined.


LaTeX Warning: Label `part@82@2' multiply defined.


LaTeX Warning: Label `question@83' multiply defined.


LaTeX Warning: Label `part@83@1' multiply defined.


LaTeX Warning: Label `part@83@2' multiply defined.


LaTeX Warning: Label `part@83@3' multiply defined.


LaTeX Warning: Label `question@84' multiply defined.


LaTeX Warning: Label `part@84@1' multiply defined.


LaTeX Warning: Label `part@84@2' multiply defined.


LaTeX Warning: Label `question@85' multiply defined.


LaTeX Warning: Label `part@85@1' multiply defined.


LaTeX Warning: Label `part@85@2' multiply defined.


LaTeX Warning: Label `question@86' multiply defined.


LaTeX Warning: Label `part@86@1' multiply defined.


LaTeX Warning: Label `part@86@2' multiply defined.


LaTeX Warning: Label `question@87' multiply defined.


LaTeX Warning: Label `question@88' multiply defined.


LaTeX Warning: Label `part@88@1' multiply defined.


LaTeX Warning: Label `part@88@2' multiply defined.


LaTeX Warning: Label `question@89' multiply defined.


LaTeX Warning: Label `part@89@1' multiply defined.


LaTeX Warning: Label `part@89@2' multiply defined.


LaTeX Warning: Label `question@90' multiply defined.


LaTeX Warning: Label `part@90@1' multiply defined.


LaTeX Warning: Label `part@90@2' multiply defined.


LaTeX Warning: Label `part@90@3' multiply defined.


LaTeX Warning: Label `question@91' multiply defined.


LaTeX Warning: Label `part@91@1' multiply defined.


LaTeX Warning: Label `part@91@2' multiply defined.


LaTeX Warning: Label `question@92' multiply defined.


LaTeX Warning: Label `part@92@1' multiply defined.


LaTeX Warning: Label `part@92@2' multiply defined.


LaTeX Warning: Label `part@92@3' multiply defined.


LaTeX Warning: Label `question@93' multiply defined.


LaTeX Warning: Label `part@93@1' multiply defined.


LaTeX Warning: Label `part@93@2' multiply defined.


LaTeX Warning: Label `question@94' multiply defined.


LaTeX Warning: Label `part@94@1' multiply defined.


LaTeX Warning: Label `part@94@2' multiply defined.


LaTeX Warning: Label `part@94@3' multiply defined.


LaTeX Warning: Label `question@95' multiply defined.


LaTeX Warning: Label `part@95@1' multiply defined.


LaTeX Warning: Label `part@95@2' multiply defined.


LaTeX Warning: Label `question@96' multiply defined.


LaTeX Warning: Label `part@96@1' multiply defined.


LaTeX Warning: Label `part@96@2' multiply defined.


LaTeX Warning: Label `part@96@3' multiply defined.


LaTeX Warning: Label `question@97' multiply defined.


LaTeX Warning: Label `question@98' multiply defined.


LaTeX Warning: Label `part@98@1' multiply defined.


LaTeX Warning: Label `part@98@2' multiply defined.


LaTeX Warning: Label `question@99' multiply defined.


LaTeX Warning: Label `question@100' multiply defined.


LaTeX Warning: Label `question@101' multiply defined.


LaTeX Warning: Label `question@102' multiply defined.


LaTeX Warning: Label `question@103' multiply defined.


LaTeX Warning: Label `question@104' multiply defined.


LaTeX Warning: Label `part@104@1' multiply defined.


LaTeX Warning: Label `part@104@2' multiply defined.


LaTeX Warning: Label `part@104@3' multiply defined.


LaTeX Warning: Label `question@105' multiply defined.


LaTeX Warning: Label `part@105@1' multiply defined.


LaTeX Warning: Label `part@105@2' multiply defined.


LaTeX Warning: Label `part@105@3' multiply defined.


LaTeX Warning: Label `question@106' multiply defined.

) (微积分.aux

LaTeX Warning: Label `question@1' multiply defined.


LaTeX Warning: Label `question@2' multiply defined.


LaTeX Warning: Label `question@3' multiply defined.


LaTeX Warning: Label `question@4' multiply defined.


LaTeX Warning: Label `question@5' multiply defined.


LaTeX Warning: Label `question@6' multiply defined.


LaTeX Warning: Label `question@7' multiply defined.


LaTeX Warning: Label `question@8' multiply defined.


LaTeX Warning: Label `question@9' multiply defined.


LaTeX Warning: Label `question@10' multiply defined.


LaTeX Warning: Label `question@11' multiply defined.


LaTeX Warning: Label `question@12' multiply defined.


LaTeX Warning: Label `question@13' multiply defined.


LaTeX Warning: Label `question@14' multiply defined.


LaTeX Warning: Label `question@15' multiply defined.


LaTeX Warning: Label `question@16' multiply defined.


LaTeX Warning: Label `question@17' multiply defined.


LaTeX Warning: Label `question@18' multiply defined.


LaTeX Warning: Label `question@19' multiply defined.


LaTeX Warning: Label `question@20' multiply defined.


LaTeX Warning: Label `question@21' multiply defined.


LaTeX Warning: Label `question@22' multiply defined.


LaTeX Warning: Label `question@23' multiply defined.


LaTeX Warning: Label `question@24' multiply defined.


LaTeX Warning: Label `question@25' multiply defined.


LaTeX Warning: Label `question@26' multiply defined.


LaTeX Warning: Label `question@27' multiply defined.


LaTeX Warning: Label `question@28' multiply defined.


LaTeX Warning: Label `question@29' multiply defined.


LaTeX Warning: Label `question@30' multiply defined.


LaTeX Warning: Label `question@31' multiply defined.


LaTeX Warning: Label `question@32' multiply defined.


LaTeX Warning: Label `question@33' multiply defined.


LaTeX Warning: Label `question@34' multiply defined.


LaTeX Warning: Label `question@35' multiply defined.


LaTeX Warning: Label `question@36' multiply defined.


LaTeX Warning: Label `question@37' multiply defined.


LaTeX Warning: Label `question@38' multiply defined.


LaTeX Warning: Label `question@39' multiply defined.


LaTeX Warning: Label `question@40' multiply defined.


LaTeX Warning: Label `question@41' multiply defined.


LaTeX Warning: Label `question@42' multiply defined.


LaTeX Warning: Label `question@43' multiply defined.


LaTeX Warning: Label `question@44' multiply defined.


LaTeX Warning: Label `question@45' multiply defined.


LaTeX Warning: Label `question@46' multiply defined.


LaTeX Warning: Label `question@47' multiply defined.


LaTeX Warning: Label `question@48' multiply defined.


LaTeX Warning: Label `question@49' multiply defined.


LaTeX Warning: Label `question@50' multiply defined.


LaTeX Warning: Label `question@51' multiply defined.


LaTeX Warning: Label `question@52' multiply defined.


LaTeX Warning: Label `question@53' multiply defined.


LaTeX Warning: Label `question@54' multiply defined.


LaTeX Warning: Label `question@55' multiply defined.


LaTeX Warning: Label `part@55@1' multiply defined.


LaTeX Warning: Label `part@55@2' multiply defined.


LaTeX Warning: Label `question@56' multiply defined.


LaTeX Warning: Label `part@56@1' multiply defined.


LaTeX Warning: Label `part@56@2' multiply defined.


LaTeX Warning: Label `question@57' multiply defined.


LaTeX Warning: Label `part@57@1' multiply defined.


LaTeX Warning: Label `part@57@2' multiply defined.


LaTeX Warning: Label `question@58' multiply defined.


LaTeX Warning: Label `question@59' multiply defined.


LaTeX Warning: Label `part@59@1' multiply defined.


LaTeX Warning: Label `part@59@2' multiply defined.


LaTeX Warning: Label `part@59@3' multiply defined.


LaTeX Warning: Label `question@60' multiply defined.


LaTeX Warning: Label `part@60@1' multiply defined.


LaTeX Warning: Label `part@60@2' multiply defined.


LaTeX Warning: Label `part@60@3' multiply defined.


LaTeX Warning: Label `part@60@4' multiply defined.


LaTeX Warning: Label `question@61' multiply defined.


LaTeX Warning: Label `part@61@1' multiply defined.


LaTeX Warning: Label `part@61@2' multiply defined.


LaTeX Warning: Label `question@62' multiply defined.


LaTeX Warning: Label `part@62@1' multiply defined.


LaTeX Warning: Label `part@62@2' multiply defined.


LaTeX Warning: Label `part@62@3' multiply defined.


LaTeX Warning: Label `question@63' multiply defined.


LaTeX Warning: Label `part@63@1' multiply defined.


LaTeX Warning: Label `part@63@2' multiply defined.


LaTeX Warning: Label `question@64' multiply defined.


LaTeX Warning: Label `part@64@1' multiply defined.


LaTeX Warning: Label `part@64@2' multiply defined.


LaTeX Warning: Label `question@65' multiply defined.


LaTeX Warning: Label `part@65@1' multiply defined.


LaTeX Warning: Label `part@65@2' multiply defined.


LaTeX Warning: Label `part@65@3' multiply defined.


LaTeX Warning: Label `question@66' multiply defined.


LaTeX Warning: Label `part@66@1' multiply defined.


LaTeX Warning: Label `part@66@2' multiply defined.


LaTeX Warning: Label `part@66@3' multiply defined.


LaTeX Warning: Label `question@67' multiply defined.


LaTeX Warning: Label `part@67@1' multiply defined.


LaTeX Warning: Label `part@67@2' multiply defined.


LaTeX Warning: Label `question@1' multiply defined.


LaTeX Warning: Label `question@2' multiply defined.


LaTeX Warning: Label `question@3' multiply defined.


LaTeX Warning: Label `question@4' multiply defined.


LaTeX Warning: Label `question@5' multiply defined.


LaTeX Warning: Label `question@6' multiply defined.


LaTeX Warning: Label `question@7' multiply defined.


LaTeX Warning: Label `question@8' multiply defined.


LaTeX Warning: Label `question@9' multiply defined.


LaTeX Warning: Label `question@10' multiply defined.


LaTeX Warning: Label `question@11' multiply defined.


LaTeX Warning: Label `question@12' multiply defined.


LaTeX Warning: Label `question@13' multiply defined.


LaTeX Warning: Label `question@14' multiply defined.


LaTeX Warning: Label `question@15' multiply defined.


LaTeX Warning: Label `question@16' multiply defined.


LaTeX Warning: Label `question@17' multiply defined.


LaTeX Warning: Label `question@18' multiply defined.


LaTeX Warning: Label `question@19' multiply defined.


LaTeX Warning: Label `question@20' multiply defined.


LaTeX Warning: Label `question@21' multiply defined.


LaTeX Warning: Label `question@22' multiply defined.


LaTeX Warning: Label `question@23' multiply defined.


LaTeX Warning: Label `question@24' multiply defined.


LaTeX Warning: Label `question@25' multiply defined.


LaTeX Warning: Label `question@26' multiply defined.


LaTeX Warning: Label `question@27' multiply defined.


LaTeX Warning: Label `question@28' multiply defined.


LaTeX Warning: Label `question@29' multiply defined.


LaTeX Warning: Label `question@30' multiply defined.


LaTeX Warning: Label `question@31' multiply defined.


LaTeX Warning: Label `question@32' multiply defined.


LaTeX Warning: Label `question@33' multiply defined.


LaTeX Warning: Label `question@34' multiply defined.


LaTeX Warning: Label `question@35' multiply defined.


LaTeX Warning: Label `question@36' multiply defined.


LaTeX Warning: Label `question@37' multiply defined.


LaTeX Warning: Label `question@38' multiply defined.


LaTeX Warning: Label `question@39' multiply defined.


LaTeX Warning: Label `question@40' multiply defined.


LaTeX Warning: Label `question@41' multiply defined.


LaTeX Warning: Label `question@42' multiply defined.


LaTeX Warning: Label `question@43' multiply defined.


LaTeX Warning: Label `question@44' multiply defined.


LaTeX Warning: Label `question@45' multiply defined.


LaTeX Warning: Label `question@46' multiply defined.


LaTeX Warning: Label `question@47' multiply defined.


LaTeX Warning: Label `question@48' multiply defined.


LaTeX Warning: Label `question@49' multiply defined.


LaTeX Warning: Label `part@49@1' multiply defined.


LaTeX Warning: Label `part@49@2' multiply defined.


LaTeX Warning: Label `question@50' multiply defined.


LaTeX Warning: Label `question@51' multiply defined.


LaTeX Warning: Label `question@52' multiply defined.


LaTeX Warning: Label `question@53' multiply defined.


LaTeX Warning: Label `question@54' multiply defined.


LaTeX Warning: Label `part@54@1' multiply defined.


LaTeX Warning: Label `part@54@2' multiply defined.


LaTeX Warning: Label `part@54@3' multiply defined.


LaTeX Warning: Label `question@55' multiply defined.


LaTeX Warning: Label `part@55@1' multiply defined.


LaTeX Warning: Label `part@55@2' multiply defined.


LaTeX Warning: Label `question@56' multiply defined.


LaTeX Warning: Label `part@56@1' multiply defined.


LaTeX Warning: Label `part@56@2' multiply defined.


LaTeX Warning: Label `question@57' multiply defined.


LaTeX Warning: Label `part@57@1' multiply defined.


LaTeX Warning: Label `part@57@2' multiply defined.


LaTeX Warning: Label `part@57@3' multiply defined.


LaTeX Warning: Label `question@58' multiply defined.


LaTeX Warning: Label `part@58@1' multiply defined.


LaTeX Warning: Label `part@58@2' multiply defined.


LaTeX Warning: Label `question@59' multiply defined.


LaTeX Warning: Label `question@60' multiply defined.


LaTeX Warning: Label `question@61' multiply defined.


LaTeX Warning: Label `question@62' multiply defined.


LaTeX Warning: Label `question@63' multiply defined.


LaTeX Warning: Label `question@64' multiply defined.


LaTeX Warning: Label `question@65' multiply defined.


LaTeX Warning: Label `question@66' multiply defined.


LaTeX Warning: Label `question@67' multiply defined.


LaTeX Warning: Label `question@68' multiply defined.


LaTeX Warning: Label `question@69' multiply defined.


LaTeX Warning: Label `question@70' multiply defined.


LaTeX Warning: Label `question@71' multiply defined.


LaTeX Warning: Label `question@72' multiply defined.


LaTeX Warning: Label `question@73' multiply defined.


LaTeX Warning: Label `question@74' multiply defined.


LaTeX Warning: Label `part@74@1' multiply defined.


LaTeX Warning: Label `part@74@2' multiply defined.


LaTeX Warning: Label `question@75' multiply defined.


LaTeX Warning: Label `question@76' multiply defined.


LaTeX Warning: Label `part@76@1' multiply defined.


LaTeX Warning: Label `part@76@2' multiply defined.


LaTeX Warning: Label `question@77' multiply defined.


LaTeX Warning: Label `part@77@1' multiply defined.


LaTeX Warning: Label `part@77@2' multiply defined.


LaTeX Warning: Label `part@77@3' multiply defined.


LaTeX Warning: Label `question@78' multiply defined.


LaTeX Warning: Label `question@79' multiply defined.


LaTeX Warning: Label `part@79@1' multiply defined.


LaTeX Warning: Label `part@79@2' multiply defined.


LaTeX Warning: Label `part@79@3' multiply defined.


LaTeX Warning: Label `question@80' multiply defined.


LaTeX Warning: Label `part@80@1' multiply defined.


LaTeX Warning: Label `part@80@2' multiply defined.


LaTeX Warning: Label `part@80@3' multiply defined.


LaTeX Warning: Label `question@81' multiply defined.


LaTeX Warning: Label `part@81@1' multiply defined.


LaTeX Warning: Label `part@81@2' multiply defined.


LaTeX Warning: Label `part@81@3' multiply defined.


LaTeX Warning: Label `question@82' multiply defined.


LaTeX Warning: Label `part@82@1' multiply defined.


LaTeX Warning: Label `part@82@2' multiply defined.


LaTeX Warning: Label `part@82@3' multiply defined.


LaTeX Warning: Label `question@83' multiply defined.


LaTeX Warning: Label `part@83@1' multiply defined.


LaTeX Warning: Label `part@83@2' multiply defined.


LaTeX Warning: Label `part@83@3' multiply defined.


LaTeX Warning: Label `question@84' multiply defined.


LaTeX Warning: Label `part@84@1' multiply defined.


LaTeX Warning: Label `part@84@2' multiply defined.


LaTeX Warning: Label `part@84@3' multiply defined.


LaTeX Warning: Label `question@85' multiply defined.


LaTeX Warning: Label `part@85@1' multiply defined.


LaTeX Warning: Label `part@85@2' multiply defined.


LaTeX Warning: Label `question@86' multiply defined.


LaTeX Warning: Label `part@86@1' multiply defined.


LaTeX Warning: Label `part@86@2' multiply defined.


LaTeX Warning: Label `question@87' multiply defined.


LaTeX Warning: Label `part@87@1' multiply defined.


LaTeX Warning: Label `part@87@2' multiply defined.


LaTeX Warning: Label `part@87@3' multiply defined.


LaTeX Warning: Label `question@88' multiply defined.


LaTeX Warning: Label `part@88@1' multiply defined.


LaTeX Warning: Label `part@88@2' multiply defined.


LaTeX Warning: Label `part@88@3' multiply defined.


LaTeX Warning: Label `question@89' multiply defined.


LaTeX Warning: Label `part@89@1' multiply defined.


LaTeX Warning: Label `part@89@2' multiply defined.


LaTeX Warning: Label `question@90' multiply defined.


LaTeX Warning: Label `question@91' multiply defined.


LaTeX Warning: Label `part@91@1' multiply defined.


LaTeX Warning: Label `part@91@2' multiply defined.


LaTeX Warning: Label `question@92' multiply defined.


LaTeX Warning: Label `part@92@1' multiply defined.


LaTeX Warning: Label `part@92@2' multiply defined.


LaTeX Warning: Label `question@93' multiply defined.


LaTeX Warning: Label `part@93@1' multiply defined.


LaTeX Warning: Label `part@93@2' multiply defined.


LaTeX Warning: Label `part@93@3' multiply defined.


LaTeX Warning: Label `part@93@4' multiply defined.


LaTeX Warning: Label `question@94' multiply defined.


LaTeX Warning: Label `part@94@1' multiply defined.


LaTeX Warning: Label `part@94@2' multiply defined.


LaTeX Warning: Label `part@94@3' multiply defined.


LaTeX Warning: Label `part@94@4' multiply defined.


LaTeX Warning: Label `question@95' multiply defined.


LaTeX Warning: Label `part@95@1' multiply defined.


LaTeX Warning: Label `part@95@2' multiply defined.


LaTeX Warning: Label `part@95@3' multiply defined.


LaTeX Warning: Label `question@96' multiply defined.


LaTeX Warning: Label `part@96@1' multiply defined.


LaTeX Warning: Label `part@96@2' multiply defined.


LaTeX Warning: Label `part@96@3' multiply defined.


LaTeX Warning: Label `question@97' multiply defined.


LaTeX Warning: Label `question@98' multiply defined.


LaTeX Warning: Label `part@98@1' multiply defined.


LaTeX Warning: Label `part@98@2' multiply defined.


LaTeX Warning: Label `question@99' multiply defined.


LaTeX Warning: Label `part@99@1' multiply defined.


LaTeX Warning: Label `part@99@2' multiply defined.


LaTeX Warning: Label `part@99@3' multiply defined.


LaTeX Warning: Label `question@100' multiply defined.


LaTeX Warning: Label `part@100@1' multiply defined.


LaTeX Warning: Label `part@100@2' multiply defined.


LaTeX Warning: Label `part@100@3' multiply defined.


LaTeX Warning: Label `part@100@4' multiply defined.


LaTeX Warning: Label `question@101' multiply defined.


LaTeX Warning: Label `question@102' multiply defined.


LaTeX Warning: Label `part@102@1' multiply defined.


LaTeX Warning: Label `part@102@2' multiply defined.


LaTeX Warning: Label `part@102@3' multiply defined.


LaTeX Warning: Label `question@103' multiply defined.


LaTeX Warning: Label `part@103@1' multiply defined.


LaTeX Warning: Label `part@103@2' multiply defined.


LaTeX Warning: Label `question@104' multiply defined.


LaTeX Warning: Label `part@104@1' multiply defined.


LaTeX Warning: Label `part@104@2' multiply defined.


LaTeX Warning: Label `part@104@3' multiply defined.


LaTeX Warning: Label `question@105' multiply defined.


LaTeX Warning: Label `part@105@1' multiply defined.


LaTeX Warning: Label `part@105@2' multiply defined.


LaTeX Warning: Label `question@1' multiply defined.


LaTeX Warning: Label `question@2' multiply defined.


LaTeX Warning: Label `question@3' multiply defined.


LaTeX Warning: Label `question@4' multiply defined.


LaTeX Warning: Label `question@5' multiply defined.


LaTeX Warning: Label `question@6' multiply defined.


LaTeX Warning: Label `question@7' multiply defined.


LaTeX Warning: Label `question@8' multiply defined.


LaTeX Warning: Label `question@9' multiply defined.


LaTeX Warning: Label `question@10' multiply defined.


LaTeX Warning: Label `question@11' multiply defined.


LaTeX Warning: Label `question@12' multiply defined.


LaTeX Warning: Label `question@13' multiply defined.


LaTeX Warning: Label `question@14' multiply defined.


LaTeX Warning: Label `question@15' multiply defined.


LaTeX Warning: Label `question@16' multiply defined.


LaTeX Warning: Label `question@17' multiply defined.


LaTeX Warning: Label `question@18' multiply defined.


LaTeX Warning: Label `question@19' multiply defined.


LaTeX Warning: Label `question@20' multiply defined.


LaTeX Warning: Label `question@21' multiply defined.


LaTeX Warning: Label `question@22' multiply defined.


LaTeX Warning: Label `question@23' multiply defined.


LaTeX Warning: Label `question@24' multiply defined.


LaTeX Warning: Label `question@25' multiply defined.


LaTeX Warning: Label `question@26' multiply defined.


LaTeX Warning: Label `question@27' multiply defined.


LaTeX Warning: Label `question@28' multiply defined.


LaTeX Warning: Label `question@29' multiply defined.


LaTeX Warning: Label `question@30' multiply defined.


LaTeX Warning: Label `question@31' multiply defined.


LaTeX Warning: Label `question@32' multiply defined.


LaTeX Warning: Label `question@33' multiply defined.


LaTeX Warning: Label `question@34' multiply defined.


LaTeX Warning: Label `question@35' multiply defined.


LaTeX Warning: Label `question@36' multiply defined.


LaTeX Warning: Label `question@37' multiply defined.


LaTeX Warning: Label `question@38' multiply defined.


LaTeX Warning: Label `question@39' multiply defined.


LaTeX Warning: Label `question@40' multiply defined.


LaTeX Warning: Label `question@41' multiply defined.


LaTeX Warning: Label `question@42' multiply defined.


LaTeX Warning: Label `question@43' multiply defined.


LaTeX Warning: Label `question@44' multiply defined.


LaTeX Warning: Label `question@45' multiply defined.


LaTeX Warning: Label `part@45@1' multiply defined.


LaTeX Warning: Label `part@45@2' multiply defined.


LaTeX Warning: Label `part@45@3' multiply defined.


LaTeX Warning: Label `question@46' multiply defined.


LaTeX Warning: Label `part@46@1' multiply defined.


LaTeX Warning: Label `part@46@2' multiply defined.


LaTeX Warning: Label `question@47' multiply defined.


LaTeX Warning: Label `part@47@1' multiply defined.


LaTeX Warning: Label `part@47@2' multiply defined.


LaTeX Warning: Label `part@47@3' multiply defined.


LaTeX Warning: Label `question@48' multiply defined.


LaTeX Warning: Label `part@48@1' multiply defined.


LaTeX Warning: Label `part@48@2' multiply defined.


LaTeX Warning: Label `part@48@3' multiply defined.


LaTeX Warning: Label `question@49' multiply defined.


LaTeX Warning: Label `part@49@1' multiply defined.


LaTeX Warning: Label `part@49@2' multiply defined.


LaTeX Warning: Label `question@50' multiply defined.


LaTeX Warning: Label `part@50@1' multiply defined.


LaTeX Warning: Label `part@50@2' multiply defined.


LaTeX Warning: Label `question@51' multiply defined.


LaTeX Warning: Label `question@52' multiply defined.


LaTeX Warning: Label `question@53' multiply defined.


LaTeX Warning: Label `part@53@1' multiply defined.


LaTeX Warning: Label `part@53@2' multiply defined.


LaTeX Warning: Label `question@54' multiply defined.


LaTeX Warning: Label `part@54@1' multiply defined.


LaTeX Warning: Label `part@54@2' multiply defined.


LaTeX Warning: Label `part@54@3' multiply defined.


LaTeX Warning: Label `question@55' multiply defined.


LaTeX Warning: Label `part@55@1' multiply defined.


LaTeX Warning: Label `part@55@2' multiply defined.


LaTeX Warning: Label `part@55@3' multiply defined.


LaTeX Warning: Label `question@56' multiply defined.


LaTeX Warning: Label `part@56@1' multiply defined.


LaTeX Warning: Label `part@56@2' multiply defined.


LaTeX Warning: Label `question@57' multiply defined.


LaTeX Warning: Label `part@57@1' multiply defined.


LaTeX Warning: Label `part@57@2' multiply defined.


LaTeX Warning: Label `part@57@3' multiply defined.


LaTeX Warning: Label `question@58' multiply defined.


LaTeX Warning: Label `part@58@1' multiply defined.


LaTeX Warning: Label `part@58@2' multiply defined.


LaTeX Warning: Label `part@58@3' multiply defined.


LaTeX Warning: Label `question@59' multiply defined.


LaTeX Warning: Label `part@59@1' multiply defined.


LaTeX Warning: Label `part@59@2' multiply defined.


LaTeX Warning: Label `question@60' multiply defined.


LaTeX Warning: Label `part@60@1' multiply defined.


LaTeX Warning: Label `part@60@2' multiply defined.


LaTeX Warning: Label `part@60@3' multiply defined.


LaTeX Warning: Label `question@61' multiply defined.


LaTeX Warning: Label `question@62' multiply defined.


LaTeX Warning: Label `part@62@1' multiply defined.


LaTeX Warning: Label `part@62@2' multiply defined.


LaTeX Warning: Label `question@63' multiply defined.


LaTeX Warning: Label `part@63@1' multiply defined.


LaTeX Warning: Label `part@63@2' multiply defined.


LaTeX Warning: Label `part@63@3' multiply defined.


LaTeX Warning: Label `question@64' multiply defined.


LaTeX Warning: Label `part@64@1' multiply defined.


LaTeX Warning: Label `part@64@2' multiply defined.


LaTeX Warning: Label `part@64@3' multiply defined.


LaTeX Warning: Label `question@65' multiply defined.


LaTeX Warning: Label `part@65@1' multiply defined.


LaTeX Warning: Label `part@65@2' multiply defined.


LaTeX Warning: Label `question@66' multiply defined.


LaTeX Warning: Label `part@66@1' multiply defined.


LaTeX Warning: Label `part@66@2' multiply defined.


LaTeX Warning: Label `question@67' multiply defined.


LaTeX Warning: Label `part@67@1' multiply defined.


LaTeX Warning: Label `part@67@2' multiply defined.


LaTeX Warning: Label `question@68' multiply defined.


LaTeX Warning: Label `part@68@1' multiply defined.


LaTeX Warning: Label `part@68@2' multiply defined.


LaTeX Warning: Label `part@68@3' multiply defined.


LaTeX Warning: Label `question@69' multiply defined.


LaTeX Warning: Label `part@69@1' multiply defined.


LaTeX Warning: Label `part@69@2' multiply defined.


LaTeX Warning: Label `part@69@3' multiply defined.


LaTeX Warning: Label `question@70' multiply defined.


LaTeX Warning: Label `part@70@1' multiply defined.


LaTeX Warning: Label `part@70@2' multiply defined.


LaTeX Warning: Label `part@70@3' multiply defined.


LaTeX Warning: Label `part@70@4' multiply defined.


LaTeX Warning: Label `question@71' multiply defined.


LaTeX Warning: Label `part@71@1' multiply defined.


LaTeX Warning: Label `part@71@2' multiply defined.


LaTeX Warning: Label `question@72' multiply defined.


LaTeX Warning: Label `part@72@1' multiply defined.


LaTeX Warning: Label `part@72@2' multiply defined.


LaTeX Warning: Label `question@73' multiply defined.


LaTeX Warning: Label `part@73@1' multiply defined.


LaTeX Warning: Label `question@74' multiply defined.


LaTeX Warning: Label `part@74@1' multiply defined.


LaTeX Warning: Label `part@74@2' multiply defined.


LaTeX Warning: Label `part@74@3' multiply defined.


LaTeX Warning: Label `question@75' multiply defined.


LaTeX Warning: Label `part@75@1' multiply defined.


LaTeX Warning: Label `part@75@2' multiply defined.


LaTeX Warning: Label `part@75@3' multiply defined.


LaTeX Warning: Label `question@76' multiply defined.


LaTeX Warning: Label `part@76@1' multiply defined.


LaTeX Warning: Label `part@76@2' multiply defined.


LaTeX Warning: Label `part@76@3' multiply defined.


LaTeX Warning: Label `question@77' multiply defined.


LaTeX Warning: Label `part@77@1' multiply defined.


LaTeX Warning: Label `part@77@2' multiply defined.


LaTeX Warning: Label `question@78' multiply defined.


LaTeX Warning: Label `part@78@1' multiply defined.


LaTeX Warning: Label `part@78@2' multiply defined.


LaTeX Warning: Label `question@79' multiply defined.


LaTeX Warning: Label `part@79@1' multiply defined.


LaTeX Warning: Label `part@79@2' multiply defined.


LaTeX Warning: Label `part@79@3' multiply defined.


LaTeX Warning: Label `question@80' multiply defined.


LaTeX Warning: Label `part@80@1' multiply defined.


LaTeX Warning: Label `part@80@2' multiply defined.


LaTeX Warning: Label `part@80@3' multiply defined.


LaTeX Warning: Label `question@81' multiply defined.


LaTeX Warning: Label `part@81@1' multiply defined.


LaTeX Warning: Label `part@81@2' multiply defined.


LaTeX Warning: Label `part@81@3' multiply defined.


LaTeX Warning: Label `question@82' multiply defined.


LaTeX Warning: Label `part@82@1' multiply defined.


LaTeX Warning: Label `part@82@2' multiply defined.


LaTeX Warning: Label `question@83' multiply defined.


LaTeX Warning: Label `part@83@1' multiply defined.


LaTeX Warning: Label `part@83@2' multiply defined.


LaTeX Warning: Label `question@84' multiply defined.


LaTeX Warning: Label `part@84@1' multiply defined.


LaTeX Warning: Label `part@84@2' multiply defined.


LaTeX Warning: Label `question@85' multiply defined.


LaTeX Warning: Label `part@85@1' multiply defined.


LaTeX Warning: Label `part@85@2' multiply defined.


LaTeX Warning: Label `question@86' multiply defined.


LaTeX Warning: Label `part@86@1' multiply defined.


LaTeX Warning: Label `part@86@2' multiply defined.


LaTeX Warning: Label `part@86@3' multiply defined.


LaTeX Warning: Label `question@87' multiply defined.


LaTeX Warning: Label `part@87@1' multiply defined.


LaTeX Warning: Label `part@87@2' multiply defined.


LaTeX Warning: Label `part@87@3' multiply defined.


LaTeX Warning: Label `question@88' multiply defined.


LaTeX Warning: Label `part@88@1' multiply defined.


LaTeX Warning: Label `part@88@2' multiply defined.


LaTeX Warning: Label `question@89' multiply defined.


LaTeX Warning: Label `part@89@1' multiply defined.


LaTeX Warning: Label `part@89@2' multiply defined.


LaTeX Warning: Label `part@89@3' multiply defined.


LaTeX Warning: Label `question@90' multiply defined.


LaTeX Warning: Label `part@90@1' multiply defined.


LaTeX Warning: Label `part@90@2' multiply defined.


LaTeX Warning: Label `part@90@3' multiply defined.


LaTeX Warning: Label `question@91' multiply defined.


LaTeX Warning: Label `part@91@1' multiply defined.


LaTeX Warning: Label `part@91@2' multiply defined.


LaTeX Warning: Label `part@91@3' multiply defined.


LaTeX Warning: Label `question@92' multiply defined.


LaTeX Warning: Label `part@92@1' multiply defined.


LaTeX Warning: Label `part@92@2' multiply defined.


LaTeX Warning: Label `part@92@3' multiply defined.


LaTeX Warning: Label `question@93' multiply defined.


LaTeX Warning: Label `part@93@1' multiply defined.


LaTeX Warning: Label `part@93@2' multiply defined.


LaTeX Warning: Label `question@94' multiply defined.


LaTeX Warning: Label `question@95' multiply defined.


LaTeX Warning: Label `question@96' multiply defined.


LaTeX Warning: Label `question@97' multiply defined.


LaTeX Warning: Label `part@97@1' multiply defined.


LaTeX Warning: Label `part@97@2' multiply defined.


LaTeX Warning: Label `part@97@3' multiply defined.


LaTeX Warning: Label `question@98' multiply defined.


LaTeX Warning: Label `part@98@1' multiply defined.


LaTeX Warning: Label `part@98@2' multiply defined.


LaTeX Warning: Label `question@99' multiply defined.


LaTeX Warning: Label `part@99@1' multiply defined.


LaTeX Warning: Label `part@99@2' multiply defined.


LaTeX Warning: Label `part@99@3' multiply defined.


LaTeX Warning: Label `question@100' multiply defined.


LaTeX Warning: Label `question@101' multiply defined.


LaTeX Warning: Label `question@102' multiply defined.


LaTeX Warning: Label `part@102@1' multiply defined.


LaTeX Warning: Label `part@102@2' multiply defined.


LaTeX Warning: Label `part@102@3' multiply defined.


LaTeX Warning: Label `question@103' multiply defined.


LaTeX Warning: Label `question@104' multiply defined.


LaTeX Warning: Label `part@104@1' multiply defined.


LaTeX Warning: Label `part@104@2' multiply defined.


LaTeX Warning: Label `part@104@3' multiply defined.


LaTeX Warning: Label `question@105' multiply defined.


LaTeX Warning: Label `part@105@1' multiply defined.


LaTeX Warning: Label `part@105@2' multiply defined.


LaTeX Warning: Label `question@106' multiply defined.


LaTeX Warning: Label `part@106@1' multiply defined.


LaTeX Warning: Label `part@106@2' multiply defined.


LaTeX Warning: Label `question@107' multiply defined.


LaTeX Warning: Label `question@108' multiply defined.


LaTeX Warning: Label `question@109' multiply defined.


LaTeX Warning: Label `question@110' multiply defined.


LaTeX Warning: Label `question@1' multiply defined.


LaTeX Warning: Label `question@2' multiply defined.


LaTeX Warning: Label `question@3' multiply defined.


LaTeX Warning: Label `question@4' multiply defined.


LaTeX Warning: Label `question@5' multiply defined.


LaTeX Warning: Label `question@6' multiply defined.


LaTeX Warning: Label `question@7' multiply defined.


LaTeX Warning: Label `question@8' multiply defined.


LaTeX Warning: Label `question@9' multiply defined.


LaTeX Warning: Label `question@10' multiply defined.


LaTeX Warning: Label `question@11' multiply defined.


LaTeX Warning: Label `question@12' multiply defined.


LaTeX Warning: Label `question@13' multiply defined.


LaTeX Warning: Label `question@14' multiply defined.


LaTeX Warning: Label `question@15' multiply defined.


LaTeX Warning: Label `question@16' multiply defined.


LaTeX Warning: Label `question@17' multiply defined.


LaTeX Warning: Label `question@18' multiply defined.


LaTeX Warning: Label `question@19' multiply defined.


LaTeX Warning: Label `question@20' multiply defined.


LaTeX Warning: Label `question@21' multiply defined.


LaTeX Warning: Label `question@22' multiply defined.


LaTeX Warning: Label `question@23' multiply defined.


LaTeX Warning: Label `question@24' multiply defined.


LaTeX Warning: Label `question@25' multiply defined.


LaTeX Warning: Label `question@26' multiply defined.


LaTeX Warning: Label `question@27' multiply defined.


LaTeX Warning: Label `question@28' multiply defined.


LaTeX Warning: Label `question@29' multiply defined.


LaTeX Warning: Label `question@30' multiply defined.


LaTeX Warning: Label `question@31' multiply defined.


LaTeX Warning: Label `question@32' multiply defined.


LaTeX Warning: Label `question@33' multiply defined.


LaTeX Warning: Label `question@34' multiply defined.


LaTeX Warning: Label `question@35' multiply defined.


LaTeX Warning: Label `question@36' multiply defined.


LaTeX Warning: Label `part@36@1' multiply defined.


LaTeX Warning: Label `part@36@2' multiply defined.


LaTeX Warning: Label `question@37' multiply defined.


LaTeX Warning: Label `question@38' multiply defined.


LaTeX Warning: Label `question@39' multiply defined.


LaTeX Warning: Label `question@40' multiply defined.


LaTeX Warning: Label `question@41' multiply defined.


LaTeX Warning: Label `question@42' multiply defined.


LaTeX Warning: Label `question@43' multiply defined.


LaTeX Warning: Label `question@44' multiply defined.


LaTeX Warning: Label `question@45' multiply defined.


LaTeX Warning: Label `question@46' multiply defined.


LaTeX Warning: Label `question@47' multiply defined.


LaTeX Warning: Label `question@48' multiply defined.


LaTeX Warning: Label `question@49' multiply defined.


LaTeX Warning: Label `question@50' multiply defined.


LaTeX Warning: Label `question@51' multiply defined.


LaTeX Warning: Label `question@52' multiply defined.


LaTeX Warning: Label `question@53' multiply defined.


LaTeX Warning: Label `question@54' multiply defined.


LaTeX Warning: Label `question@55' multiply defined.


LaTeX Warning: Label `question@56' multiply defined.


LaTeX Warning: Label `question@57' multiply defined.


LaTeX Warning: Label `question@58' multiply defined.


LaTeX Warning: Label `question@59' multiply defined.


LaTeX Warning: Label `question@60' multiply defined.


LaTeX Warning: Label `question@61' multiply defined.


LaTeX Warning: Label `question@62' multiply defined.


LaTeX Warning: Label `question@63' multiply defined.


LaTeX Warning: Label `question@64' multiply defined.


LaTeX Warning: Label `question@65' multiply defined.


LaTeX Warning: Label `question@66' multiply defined.


LaTeX Warning: Label `question@67' multiply defined.


LaTeX Warning: Label `question@68' multiply defined.


LaTeX Warning: Label `question@69' multiply defined.


LaTeX Warning: Label `question@70' multiply defined.


LaTeX Warning: Label `question@71' multiply defined.


LaTeX Warning: Label `question@72' multiply defined.


LaTeX Warning: Label `question@73' multiply defined.


LaTeX Warning: Label `question@74' multiply defined.


LaTeX Warning: Label `question@75' multiply defined.


LaTeX Warning: Label `question@76' multiply defined.


LaTeX Warning: Label `question@77' multiply defined.


LaTeX Warning: Label `question@78' multiply defined.


LaTeX Warning: Label `question@79' multiply defined.


LaTeX Warning: Label `question@80' multiply defined.


LaTeX Warning: Label `question@81' multiply defined.


LaTeX Warning: Label `question@82' multiply defined.


LaTeX Warning: Label `question@83' multiply defined.


LaTeX Warning: Label `question@84' multiply defined.


LaTeX Warning: Label `question@85' multiply defined.


LaTeX Warning: Label `question@86' multiply defined.


LaTeX Warning: Label `part@86@1' multiply defined.


LaTeX Warning: Label `part@86@2' multiply defined.


LaTeX Warning: Label `question@87' multiply defined.


LaTeX Warning: Label `question@88' multiply defined.


LaTeX Warning: Label `question@89' multiply defined.


LaTeX Warning: Label `question@90' multiply defined.


LaTeX Warning: Label `question@91' multiply defined.


LaTeX Warning: Label `question@92' multiply defined.


LaTeX Warning: Label `question@93' multiply defined.


LaTeX Warning: Label `question@94' multiply defined.


LaTeX Warning: Label `question@95' multiply defined.


LaTeX Warning: Label `question@96' multiply defined.


LaTeX Warning: Label `question@97' multiply defined.


LaTeX Warning: Label `question@98' multiply defined.


LaTeX Warning: Label `question@99' multiply defined.


LaTeX Warning: Label `question@100' multiply defined.


LaTeX Warning: Label `question@101' multiply defined.


LaTeX Warning: Label `question@102' multiply defined.


LaTeX Warning: Label `question@103' multiply defined.


LaTeX Warning: Label `question@104' multiply defined.


LaTeX Warning: Label `question@105' multiply defined.


LaTeX Warning: Label `question@106' multiply defined.


LaTeX Warning: Label `question@107' multiply defined.


LaTeX Warning: Label `question@108' multiply defined.


LaTeX Warning: Label `question@109' multiply defined.


LaTeX Warning: Label `question@110' multiply defined.


LaTeX Warning: Label `question@111' multiply defined.


LaTeX Warning: Label `question@112' multiply defined.


LaTeX Warning: Label `question@113' multiply defined.


LaTeX Warning: Label `question@114' multiply defined.


LaTeX Warning: Label `question@115' multiply defined.


LaTeX Warning: Label `question@116' multiply defined.


LaTeX Warning: Label `question@117' multiply defined.


LaTeX Warning: Label `question@118' multiply defined.


LaTeX Warning: Label `question@119' multiply defined.


LaTeX Warning: Label `question@120' multiply defined.


LaTeX Warning: Label `question@121' multiply defined.


LaTeX Warning: Label `question@122' multiply defined.


LaTeX Warning: Label `question@123' multiply defined.


LaTeX Warning: Label `question@124' multiply defined.


LaTeX Warning: Label `question@125' multiply defined.


LaTeX Warning: Label `question@126' multiply defined.


LaTeX Warning: Label `question@127' multiply defined.


LaTeX Warning: Label `question@128' multiply defined.


LaTeX Warning: Label `question@129' multiply defined.


LaTeX Warning: Label `question@130' multiply defined.


LaTeX Warning: Label `question@131' multiply defined.


LaTeX Warning: Label `question@132' multiply defined.


LaTeX Warning: Label `question@133' multiply defined.


LaTeX Warning: Label `question@134' multiply defined.


LaTeX Warning: Label `question@135' multiply defined.


LaTeX Warning: Label `question@136' multiply defined.


LaTeX Warning: Label `question@137' multiply defined.


LaTeX Warning: Label `question@138' multiply defined.


LaTeX Warning: Label `question@139' multiply defined.


LaTeX Warning: Label `question@140' multiply defined.


LaTeX Warning: Label `question@141' multiply defined.


LaTeX Warning: Label `question@142' multiply defined.


LaTeX Warning: Label `question@143' multiply defined.


LaTeX Warning: Label `question@144' multiply defined.


LaTeX Warning: Label `question@145' multiply defined.


LaTeX Warning: Label `question@146' multiply defined.


LaTeX Warning: Label `question@147' multiply defined.


LaTeX Warning: Label `question@148' multiply defined.


LaTeX Warning: Label `question@149' multiply defined.


LaTeX Warning: Label `question@150' multiply defined.


LaTeX Warning: Label `question@151' multiply defined.


LaTeX Warning: Label `question@152' multiply defined.


LaTeX Warning: Label `question@153' multiply defined.


LaTeX Warning: Label `question@154' multiply defined.


LaTeX Warning: Label `question@155' multiply defined.


LaTeX Warning: Label `question@156' multiply defined.


LaTeX Warning: Label `question@157' multiply defined.


LaTeX Warning: Label `question@158' multiply defined.


LaTeX Warning: Label `question@159' multiply defined.


LaTeX Warning: Label `question@160' multiply defined.


LaTeX Warning: Label `question@161' multiply defined.


LaTeX Warning: Label `question@162' multiply defined.


LaTeX Warning: Label `question@163' multiply defined.


LaTeX Warning: Label `question@164' multiply defined.


LaTeX Warning: Label `question@165' multiply defined.


LaTeX Warning: Label `question@166' multiply defined.


LaTeX Warning: Label `question@167' multiply defined.


LaTeX Warning: Label `question@168' multiply defined.


LaTeX Warning: Label `question@1' multiply defined.


LaTeX Warning: Label `part@1@1' multiply defined.


LaTeX Warning: Label `part@1@2' multiply defined.


LaTeX Warning: Label `part@1@3' multiply defined.


LaTeX Warning: Label `part@1@4' multiply defined.


LaTeX Warning: Label `question@2' multiply defined.


LaTeX Warning: Label `question@3' multiply defined.


LaTeX Warning: Label `question@4' multiply defined.


LaTeX Warning: Label `question@5' multiply defined.


LaTeX Warning: Label `question@6' multiply defined.


LaTeX Warning: Label `question@7' multiply defined.


LaTeX Warning: Label `question@8' multiply defined.


LaTeX Warning: Label `question@9' multiply defined.


LaTeX Warning: Label `question@10' multiply defined.


LaTeX Warning: Label `question@11' multiply defined.


LaTeX Warning: Label `question@12' multiply defined.


LaTeX Warning: Label `question@13' multiply defined.


LaTeX Warning: Label `question@14' multiply defined.


LaTeX Warning: Label `question@15' multiply defined.


LaTeX Warning: Label `question@16' multiply defined.


LaTeX Warning: Label `question@17' multiply defined.


LaTeX Warning: Label `question@18' multiply defined.


LaTeX Warning: Label `question@19' multiply defined.


LaTeX Warning: Label `question@20' multiply defined.


LaTeX Warning: Label `question@21' multiply defined.


LaTeX Warning: Label `question@22' multiply defined.


LaTeX Warning: Label `question@23' multiply defined.


LaTeX Warning: Label `question@24' multiply defined.


LaTeX Warning: Label `question@25' multiply defined.


LaTeX Warning: Label `question@26' multiply defined.


LaTeX Warning: Label `question@27' multiply defined.


LaTeX Warning: Label `question@28' multiply defined.


LaTeX Warning: Label `question@29' multiply defined.


LaTeX Warning: Label `question@30' multiply defined.


LaTeX Warning: Label `question@31' multiply defined.


LaTeX Warning: Label `question@32' multiply defined.


LaTeX Warning: Label `question@33' multiply defined.


LaTeX Warning: Label `question@34' multiply defined.


LaTeX Warning: Label `question@35' multiply defined.


LaTeX Warning: Label `question@36' multiply defined.


LaTeX Warning: Label `question@37' multiply defined.


LaTeX Warning: Label `question@38' multiply defined.


LaTeX Warning: Label `question@39' multiply defined.


LaTeX Warning: Label `question@40' multiply defined.


LaTeX Warning: Label `question@41' multiply defined.


LaTeX Warning: Label `question@42' multiply defined.


LaTeX Warning: Label `question@43' multiply defined.


LaTeX Warning: Label `part@43@1' multiply defined.


LaTeX Warning: Label `part@43@2' multiply defined.


LaTeX Warning: Label `question@44' multiply defined.


LaTeX Warning: Label `question@45' multiply defined.


LaTeX Warning: Label `question@46' multiply defined.


LaTeX Warning: Label `part@46@1' multiply defined.


LaTeX Warning: Label `part@46@2' multiply defined.


LaTeX Warning: Label `part@46@3' multiply defined.


LaTeX Warning: Label `question@47' multiply defined.


LaTeX Warning: Label `part@47@1' multiply defined.


LaTeX Warning: Label `part@47@2' multiply defined.


LaTeX Warning: Label `question@48' multiply defined.


LaTeX Warning: Label `question@49' multiply defined.


LaTeX Warning: Label `part@49@1' multiply defined.


LaTeX Warning: Label `part@49@2' multiply defined.


LaTeX Warning: Label `question@50' multiply defined.


LaTeX Warning: Label `question@51' multiply defined.


LaTeX Warning: Label `question@52' multiply defined.


LaTeX Warning: Label `question@53' multiply defined.


LaTeX Warning: Label `question@54' multiply defined.


LaTeX Warning: Label `question@55' multiply defined.


LaTeX Warning: Label `question@56' multiply defined.


LaTeX Warning: Label `question@57' multiply defined.


LaTeX Warning: Label `question@58' multiply defined.


LaTeX Warning: Label `question@59' multiply defined.


LaTeX Warning: Label `question@60' multiply defined.


LaTeX Warning: Label `question@61' multiply defined.

))
\openout1 = `main.aux'.

LaTeX Font Info:    Checking defaults for OML/cmm/m/it on input line 133.
LaTeX Font Info:    ... okay on input line 133.
LaTeX Font Info:    Checking defaults for OMS/cmsy/m/n on input line 133.
LaTeX Font Info:    ... okay on input line 133.
LaTeX Font Info:    Checking defaults for OT1/cmr/m/n on input line 133.
LaTeX Font Info:    ... okay on input line 133.
LaTeX Font Info:    Checking defaults for T1/cmr/m/n on input line 133.
LaTeX Font Info:    ... okay on input line 133.
LaTeX Font Info:    Checking defaults for TS1/cmr/m/n on input line 133.
LaTeX Font Info:    ... okay on input line 133.
LaTeX Font Info:    Checking defaults for TU/lmr/m/n on input line 133.
LaTeX Font Info:    ... okay on input line 133.
LaTeX Font Info:    Checking defaults for OMX/cmex/m/n on input line 133.
LaTeX Font Info:    ... okay on input line 133.
LaTeX Font Info:    Checking defaults for U/cmr/m/n on input line 133.
LaTeX Font Info:    ... okay on input line 133.
LaTeX Font Info:    Checking defaults for PD1/pdf/m/n on input line 133.
LaTeX Font Info:    ... okay on input line 133.
LaTeX Font Info:    Checking defaults for PU/pdf/m/n on input line 133.
LaTeX Font Info:    ... okay on input line 133.

*geometry* driver: auto-detecting
*geometry* detected driver: xetex
*geometry* verbose mode - [ preamble ] result:
* driver: xetex
* paper: <default>
* layout: <same size as paper>
* layoutoffset:(h,v)=(0.0pt,0.0pt)
* modes: 
* h-part:(L,W,R)=(56.9055pt, 500.484pt, 56.9055pt)
* v-part:(T,H,B)=(56.9055pt, 652.70622pt, 85.35826pt)
* \paperwidth=614.295pt
* \paperheight=794.96999pt
* \textwidth=500.484pt
* \textheight=652.70622pt
* \oddsidemargin=-15.36449pt
* \evensidemargin=-15.36449pt
* \topmargin=-45.36449pt
* \headheight=15.0pt
* \headsep=15.0pt
* \topskip=12.0pt
* \footskip=14.22636pt
* \marginparwidth=36.135pt
* \marginparsep=5.0pt
* \columnsep=28.45274pt
* \skip\footins=10.8pt plus 4.0pt minus 2.0pt
* \hoffset=0.0pt
* \voffset=0.0pt
* \mag=1000
* \@twocolumnfalse
* \@twosidefalse
* \@mparswitchfalse
* \@reversemarginfalse
* (1in=72.27pt=25.4mm, 1cm=28.453pt)

Package hyperref Info: Link coloring ON on input line 133.
(main.out) (main.out)
\@outlinefile=\write4
\openout4 = `main.out'.


Package fontspec Info: 
(fontspec)             Adjusting the maths setup (use [no-math] to avoid
(fontspec)             this).

\symlegacymaths=\mathgroup7
LaTeX Font Info:    Overwriting symbol font `legacymaths' in version `bold'
(Font)                  OT1/cmr/m/n --> OT1/cmr/bx/n on input line 133.
LaTeX Font Info:    Redeclaring math accent \acute on input line 133.
LaTeX Font Info:    Redeclaring math accent \grave on input line 133.
LaTeX Font Info:    Redeclaring math accent \ddot on input line 133.
LaTeX Font Info:    Redeclaring math accent \tilde on input line 133.
LaTeX Font Info:    Redeclaring math accent \bar on input line 133.
LaTeX Font Info:    Redeclaring math accent \breve on input line 133.
LaTeX Font Info:    Redeclaring math accent \check on input line 133.
LaTeX Font Info:    Redeclaring math accent \hat on input line 133.
LaTeX Font Info:    Redeclaring math accent \dot on input line 133.
LaTeX Font Info:    Redeclaring math accent \mathring on input line 133.
LaTeX Font Info:    Redeclaring math symbol \Gamma on input line 133.
LaTeX Font Info:    Redeclaring math symbol \Delta on input line 133.
LaTeX Font Info:    Redeclaring math symbol \Theta on input line 133.
LaTeX Font Info:    Redeclaring math symbol \Lambda on input line 133.
LaTeX Font Info:    Redeclaring math symbol \Xi on input line 133.
LaTeX Font Info:    Redeclaring math symbol \Pi on input line 133.
LaTeX Font Info:    Redeclaring math symbol \Sigma on input line 133.
LaTeX Font Info:    Redeclaring math symbol \Upsilon on input line 133.
LaTeX Font Info:    Redeclaring math symbol \Phi on input line 133.
LaTeX Font Info:    Redeclaring math symbol \Psi on input line 133.
LaTeX Font Info:    Redeclaring math symbol \Omega on input line 133.
LaTeX Font Info:    Redeclaring math symbol \mathdollar on input line 133.
LaTeX Font Info:    Redeclaring symbol font `operators' on input line 133.
LaTeX Font Info:    Encoding `OT1' has changed to `TU' for symbol font
(Font)              `operators' in the math version `normal' on input line 133.

LaTeX Font Info:    Overwriting symbol font `operators' in version `normal'
(Font)                  OT1/cmr/m/n --> TU/lmr/m/n on input line 133.
LaTeX Font Info:    Encoding `OT1' has changed to `TU' for symbol font
(Font)              `operators' in the math version `bold' on input line 133.
LaTeX Font Info:    Overwriting symbol font `operators' in version `bold'
(Font)                  OT1/cmr/bx/n --> TU/lmr/m/n on input line 133.
LaTeX Font Info:    Overwriting symbol font `operators' in version `normal'
(Font)                  TU/lmr/m/n --> TU/lmr/m/n on input line 133.
LaTeX Font Info:    Overwriting math alphabet `\mathit' in version `normal'
(Font)                  OT1/cmr/m/it --> TU/lmr/m/it on input line 133.
LaTeX Font Info:    Overwriting math alphabet `\mathbf' in version `normal'
(Font)                  OT1/cmr/bx/n --> TU/lmr/b/n on input line 133.
LaTeX Font Info:    Overwriting math alphabet `\mathsf' in version `normal'
(Font)                  OT1/cmss/m/n --> TU/lmss/m/n on input line 133.
LaTeX Font Info:    Overwriting math alphabet `\mathtt' in version `normal'
(Font)                  OT1/cmtt/m/n --> TU/lmtt/m/n on input line 133.
LaTeX Font Info:    Overwriting symbol font `operators' in version `bold'
(Font)                  TU/lmr/m/n --> TU/lmr/b/n on input line 133.
LaTeX Font Info:    Overwriting math alphabet `\mathit' in version `bold'
(Font)                  OT1/cmr/bx/it --> TU/lmr/b/it on input line 133.
LaTeX Font Info:    Overwriting math alphabet `\mathsf' in version `bold'
(Font)                  OT1/cmss/bx/n --> TU/lmss/b/n on input line 133.
LaTeX Font Info:    Overwriting math alphabet `\mathtt' in version `bold'
(Font)                  OT1/cmtt/m/n --> TU/lmtt/b/n on input line 133.
 (titlepage.tex
LaTeX Font Info:    Trying to load font information for U+msa on input line 5.

(C:\Users\DHLee\AppData\Local\Programs\MiKTeX\tex/latex/amsfonts\umsa.fd
File: umsa.fd 2013/01/14 v3.01 AMS symbols A
)
LaTeX Font Info:    Trying to load font information for U+msb on input line 5.

(C:\Users\DHLee\AppData\Local\Programs\MiKTeX\tex/latex/amsfonts\umsb.fd
File: umsb.fd 2013/01/14 v3.01 AMS symbols B
)
LaTeX Font Info:    Trying to load font information for OMX+yhex on input line 
5.

(C:\Users\DHLee\AppData\Local\Programs\MiKTeX\tex/latex/yhmath\omxyhex.fd
File: OMXyhex.fd 
File: OMXyhex.fd 2013/07/03 v1.1 YH's humble contribution to TeX maths (NP)
)
(C:\Users\DHLee\AppData\Local\Programs\MiKTeX\tex/generic/pgfornament/vectorian
\vectorian87.pgf)
(C:\Users\DHLee\AppData\Local\Programs\MiKTeX\tex/generic/pgfornament/vectorian
\vectorian87.pgf)
(C:\Users\DHLee\AppData\Local\Programs\MiKTeX\tex/generic/pgfornament/vectorian
\vectorian87.pgf)
(C:\Users\DHLee\AppData\Local\Programs\MiKTeX\tex/generic/pgfornament/vectorian
\vectorian87.pgf)
(C:\Users\DHLee\AppData\Local\Programs\MiKTeX\tex/generic/pgfornament/vectorian
\vectorian87.pgf)
(C:\Users\DHLee\AppData\Local\Programs\MiKTeX\tex/generic/pgfornament/vectorian
\vectorian87.pgf)
(C:\Users\DHLee\AppData\Local\Programs\MiKTeX\tex/generic/pgfornament/vectorian
\vectorian87.pgf)
(C:\Users\DHLee\AppData\Local\Programs\MiKTeX\tex/generic/pgfornament/vectorian
\vectorian87.pgf)
(C:\Users\DHLee\AppData\Local\Programs\MiKTeX\tex/generic/pgfornament/vectorian
\vectorian87.pgf)
(C:\Users\DHLee\AppData\Local\Programs\MiKTeX\tex/generic/pgfornament/vectorian
\vectorian87.pgf)

[1

])

Package xeCJK Warning: Unknown CJK family `\CJKttdefault' is being ignored.
(xeCJK)                
(xeCJK)                Try to use `\setCJKmonofont[<...>]{<...>}' to define
(xeCJK)                it.


(C:\Users\DHLee\AppData\Local\Programs\MiKTeX\tex/generic/pgfornament/vectorian
\vectorian61.pgf)
(C:\Users\DHLee\AppData\Local\Programs\MiKTeX\tex/generic/pgfornament/vectorian
\vectorian61.pgf)
(C:\Users\DHLee\AppData\Local\Programs\MiKTeX\tex/generic/pgfornament/vectorian
\vectorian61.pgf)
(C:\Users\DHLee\AppData\Local\Programs\MiKTeX\tex/generic/pgfornament/vectorian
\vectorian61.pgf)
(C:\Users\DHLee\AppData\Local\Programs\MiKTeX\tex/generic/pgfornament/vectorian
\vectorian87.pgf)
(C:\Users\DHLee\AppData\Local\Programs\MiKTeX\tex/generic/pgfornament/vectorian
\vectorian87.pgf)
(C:\Users\DHLee\AppData\Local\Programs\MiKTeX\tex/generic/pgfornament/vectorian
\vectorian87.pgf)
(C:\Users\DHLee\AppData\Local\Programs\MiKTeX\tex/generic/pgfornament/vectorian
\vectorian87.pgf)

[1]
(C:\Users\DHLee\AppData\Local\Programs\MiKTeX\tex/generic/pgfornament/vectorian
\vectorian88.pgf)
Underfull \hbox (badness 10000) in paragraph at lines 178--191

 []









[2]
\openout2 = `代数.aux'.

 (代数.tex (pageborder.tex
(C:\Users\DHLee\AppData\Local\Programs\MiKTeX\tex/generic/pgfornament/vectorian
\vectorian61.pgf)
(C:\Users\DHLee\AppData\Local\Programs\MiKTeX\tex/generic/pgfornament/vectorian
\vectorian61.pgf)
(C:\Users\DHLee\AppData\Local\Programs\MiKTeX\tex/generic/pgfornament/vectorian
\vectorian61.pgf)
(C:\Users\DHLee\AppData\Local\Programs\MiKTeX\tex/generic/pgfornament/vectorian
\vectorian61.pgf)
(C:\Users\DHLee\AppData\Local\Programs\MiKTeX\tex/generic/pgfornament/vectorian
\vectorian87.pgf)
(C:\Users\DHLee\AppData\Local\Programs\MiKTeX\tex/generic/pgfornament/vectorian
\vectorian87.pgf)
(C:\Users\DHLee\AppData\Local\Programs\MiKTeX\tex/generic/pgfornament/vectorian
\vectorian87.pgf)
(C:\Users\DHLee\AppData\Local\Programs\MiKTeX\tex/generic/pgfornament/vectorian
\vectorian87.pgf)
(C:\Users\DHLee\AppData\Local\Programs\MiKTeX\tex/generic/pgfornament/vectorian
\vectorian87.pgf)
(C:\Users\DHLee\AppData\Local\Programs\MiKTeX\tex/generic/pgfornament/vectorian
\vectorian87.pgf)
(C:\Users\DHLee\AppData\Local\Programs\MiKTeX\tex/generic/pgfornament/vectorian
\vectorian87.pgf)
(C:\Users\DHLee\AppData\Local\Programs\MiKTeX\tex/generic/pgfornament/vectorian
\vectorian87.pgf)
(C:\Users\DHLee\AppData\Local\Programs\MiKTeX\tex/generic/pgfornament/vectorian
\vectorian87.pgf)
(C:\Users\DHLee\AppData\Local\Programs\MiKTeX\tex/generic/pgfornament/vectorian
\vectorian87.pgf))

[3

]
(C:\Users\DHLee\AppData\Local\Programs\MiKTeX\tex/generic/pgfornament/vectorian
\vectorian88.pgf)
Overfull \vbox (0.13214pt too high) detected at line 66
 []



[4]

[5]

[6]

[7]

[8]

[9]

[10]

[11]
Missing character: There is no 。 in font [lmroman12-regular]:mapping=tex-text;!


[12]

[13]

[14]

[15]

[16]

[17]

[18]

[19]
Underfull \vbox (badness 7168) detected at line 830
 []



[20]

[21]

[22]

[23]

[24]
Missing character: There is no 。 in font [lmroman12-regular]:mapping=tex-text;!


[25]

[26]

[27]

[28]

[29]

[30]

[31]

[32]

[33]

[34]

[35]

[36]
Missing character: There is no 。 in font [lmroman12-regular]:mapping=tex-text;!

Underfull \vbox (badness 1975) detected at line 1560
 []



[37]

LaTeX Font Warning: Font shape `TU/KaiTi(0)/b/n' undefined
(Font)              using `TU/KaiTi(0)/m/n' instead on input line 1586.



[38]

[39]

[40]

[41]

[42]

[43]

[44]
(C:\Users\DHLee\AppData\Local\Programs\MiKTeX\tex/generic/pgfornament/vectorian
\vectorian88.pgf)

[45]

[46]

[47]

[48]

[49]

[50]

[51]

[52]

[53]

[54]

[55]

[56]

[57]
Overfull \hbox (20.42699pt too wide) detected at line 2411
\OML/cmm/m/it/12 nx[] \OT1/cmr/m/n/12 = (\OML/cmm/m/it/12 x \OMS/cmsy/m/n/12 ^^
@ \OML/cmm/m/it/12 ^^L\OT1/cmr/m/n/12 )[]\OML/cmm/m/it/12 Q\OT1/cmr/m/n/12 (\OM
L/cmm/m/it/12 x\OT1/cmr/m/n/12 ) + 2(\OML/cmm/m/it/12 x \OMS/cmsy/m/n/12 ^^@ \O
ML/cmm/m/it/12 a\OT1/cmr/m/n/12 )(\OML/cmm/m/it/12 x \OMS/cmsy/m/n/12 ^^@ \OML/
cmm/m/it/12 ^^L\OT1/cmr/m/n/12 )\OML/cmm/m/it/12 Q\OT1/cmr/m/n/12 (\OML/cmm/m/i
t/12 x\OT1/cmr/m/n/12 ) + (\OML/cmm/m/it/12 x \OMS/cmsy/m/n/12 ^^@ \OML/cmm/m/i
t/12 a\OT1/cmr/m/n/12 )(\OML/cmm/m/it/12 x \OMS/cmsy/m/n/12 ^^@ \OML/cmm/m/it/1
2 ^^L\OT1/cmr/m/n/12 )[]\OML/cmm/m/it/12 Q[]\OT1/cmr/m/n/12 (\OML/cmm/m/it/12 x
\OT1/cmr/m/n/12 ) + \OML/cmm/m/it/12 A\OT1/cmr/m/n/12 (\OML/cmm/m/it/12 x \OMS/
cmsy/m/n/12 ^^@ \OML/cmm/m/it/12 ^^L\OT1/cmr/m/n/12 ) + \OML/cmm/m/it/12 A\OT1/
cmr/m/n/12 (\OML/cmm/m/it/12 x \OMS/cmsy/m/n/12 ^^@ \OML/cmm/m/it/12 a\OT1/cmr/
m/n/12 ) + \OML/cmm/m/it/12 B [] \OT1/cmr/m/n/12 (4)
 []


Overfull \vbox (6.57822pt too high) detected at line 2454
 []



[58]

[59]
(C:\Users\DHLee\AppData\Local\Programs\MiKTeX\tex/generic/pgfornament/vectorian
\vectorian88.pgf)

[60]

[61]

[62]

[63]

[64]

[65]

[66]

[67]

[68]

[69]

[70]

[71]

[72]

[73]

[74]

[75]

[76]

[77]

[78]
(C:\Users\DHLee\AppData\Local\Programs\MiKTeX\tex/generic/pgfornament/vectorian
\vectorian88.pgf)

[79]

[80]

[81]

[82]

[83]

[84]

[85]

[86]

[87]

[88]

[89]

[90]
Underfull \vbox (badness 10000) detected at line 4027
 []



[91]
Missing character: There is no 。 in font [lmroman12-regular]:mapping=tex-text;!


[92]

[93]

[94]

[95]

[96]

[97]

[98]
(C:\Users\DHLee\AppData\Local\Programs\MiKTeX\tex/generic/pgfornament/vectorian
\vectorian88.pgf)

[99]

[100]

[101]

[102]

[103]

[104]

[105]

[106]

[107]

[108]

[109]

[110]

[111]

[112]

[113]

[114]
Underfull \vbox (badness 6173) detected at line 5172
 []



[115]

[116]

[117]

[118]

[119]

[120]

[121]

[122]

[123]

[124]

[125]

[126]

[127]
Overfull \hbox (0.86823pt too wide) detected at line 5806
\OML/cmm/m/it/12 x[] \OT1/cmr/m/n/12 + [] = 4\OML/cmm/m/it/12 ;  x[] \OT1/cmr/m
/n/12 + [] = 1\OML/cmm/m/it/12 ;  x[] \OT1/cmr/m/n/12 + [] = 4\OML/cmm/m/it/12 
;  x[] \OT1/cmr/m/n/12 + [] = 1\OML/cmm/m/it/12 ;  [] ;  x[] \OT1/cmr/m/n/12 + 
[] = 4\OML/cmm/m/it/12 ;  x[] \OT1/cmr/m/n/12 + [] = 1\OML/cmm/m/it/12 :
 []



[128]

[129]

[130]

[131]

[132]

[133]

[134]

[135]
File: images/image97.jpg Graphic file (type bmp)
<images/image97.jpg>


[136]
File: images/image149.png Graphic file (type bmp)
<images/image149.png>


[137]

[138]
File: images/image71.png Graphic file (type bmp)
<images/image71.png>


[139]
File: images/image115.jpg Graphic file (type bmp)
<images/image115.jpg>


[140]

[141]

[142]

[143]
(C:\Users\DHLee\AppData\Local\Programs\MiKTeX\tex/generic/pgfornament/vectorian
\vectorian88.pgf)

[144]
Underfull \vbox (badness 1831) detected at line 6556
 []



[145]
Underfull \vbox (badness 1838) detected at line 6601
 []



[146]

[147]

[148]

[149]

[150]

[151]

[152]

[153]

[154]

[155]

[156]

[157]

[158]
Missing character: There is no 。 in font [lmroman12-regular]:mapping=tex-text;!


[159]

[160]

[161]

[162]

[163]

[164]

[165]

[166]

[167]

[168]

[169]

[170]

[171]

[172]

[173]

[174]

[175]

[176]

[177]
(C:\Users\DHLee\AppData\Local\Programs\MiKTeX\tex/generic/pgfornament/vectorian
\vectorian88.pgf)

[178]

[179]

[180]

[181]

[182]

[183]
Underfull \vbox (badness 10000) detected at line 8372
 []



[184]

[185]

[186]

[187]
Overfull \hbox (29.23618pt too wide) detected at line 8536
[]
 []



[188]

[189]
File: images/image400.png Graphic file (type bmp)
<images/image400.png>


[190]

[191]

[192]

[193]

[194]

[195]

[196]

[197]

[198]

[199]

[200]

[201]

[202]

[203]

[204]

[205]

[206]

[207]

[208]

[209]

[210]

[211]

[212]

[213]

[214]

[215]

[216]

[217]

[218]

[219]

[220]

[221]

[222]

[223]

[224]

[225]
Underfull \vbox (badness 3168) detected at line 10173
 []



[226]
Underfull \vbox (badness 4341) detected at line 10201
 []



[227]

[228]

[229]
Underfull \vbox (badness 1102) detected at line 10310
 []



[230]

[231]

[232]

[233]
Overfull \hbox (103.65059pt too wide) detected at line 10448
 \OMS/cmsy/m/n/12 ([])  \OT1/cmr/m/n/12 ([] \OML/cmm/m/it/12 a [] \OT1/cmr/m/n/
12 2\OML/cmm/m/it/12 a \OT1/cmr/m/n/12 + [] \OML/cmm/m/it/12 a [] \OT1/cmr/m/n/
12 2\OML/cmm/m/it/12 b\OT1/cmr/m/n/12 )[] + ([] \OML/cmm/m/it/12 b [] \OT1/cmr/
m/n/12 2\OML/cmm/m/it/12 a \OT1/cmr/m/n/12 + [] \OML/cmm/m/it/12 b [] \OT1/cmr/
m/n/12 2\OML/cmm/m/it/12 b\OT1/cmr/m/n/12 )[] \U/msa/m/n/12 > \OT1/cmr/m/n/12 (
[] \OML/cmm/m/it/12 a [] \OT1/cmr/m/n/12 2\OML/cmm/m/it/12 a \OT1/cmr/m/n/12 + 
[] \OML/cmm/m/it/12 b [] \OT1/cmr/m/n/12 2\OML/cmm/m/it/12 a\OT1/cmr/m/n/12 )[]
 + ([] 2\OML/cmm/m/it/12 b [] a \OT1/cmr/m/n/12 + [] 2\OML/cmm/m/it/12 b [] b\O
T1/cmr/m/n/12 )[]
 []



[234]

[235]

[236]

[237]

[238]

[239]
File: images/image42.png Graphic file (type bmp)
<images/image42.png>


[240]

[241]

[242]

[243]

[244]

[245]

[246]

[247]

[248]

[249]

[250]

[251]

[252]

[253]

[254]

[255]

[256]

[257]

[258]

[259]

[260]

[261]

[262]

[263]
(C:\Users\DHLee\AppData\Local\Programs\MiKTeX\tex/generic/pgfornament/vectorian
\vectorian88.pgf)

[264]

[265]

[266]

[267]

[268]

[269]

[270]

[271]
Missing character: There is no 。 in font [lmroman12-regular]:mapping=tex-text;!


[272]

[273]

[274]

[275]

[276]

[277]

[278]

[279]

[280]

[281]

[282]

[283]

[284]

[285]

[286]

[287]

[288]

[289]

[290]

[291]

[292]

[293]

[294]

[295]

[296]

[297]

[298]

[299]

[300]

[301]

[302]

[303]

[304]

[305]

[306]

[307]

[308]

[309]

[310]
Overfull \hbox (8.402pt too wide) in paragraph at lines 13850--13853
$\OML/cmm/m/it/12 a[] \OMS/cmsy/m/n/12 ^^@ \OT1/cmr/m/n/12 1 = []$\TU/KaiTi(0)/
m/n/12 ，|  即 $[] \OT1/cmr/m/n/12 = 1 \OMS/cmsy/m/n/12 ^^@ [][] []  [] \OT1/cmr/
m/n/12 (1)$ \TU/KaiTi(0)/m/n/12 同 样 地，| $[] \OT1/cmr/m/n/12 = 1 \OMS/cmsy/m/n/1
2 ^^@ [][] []  [] \OT1/cmr/m/n/12 (2)$
 []



[311]
Overfull \vbox (1.62946pt too high) detected at line 13908
 []



[312]

[313]

[314]

[315]

[316]

[317]
Overfull \vbox (4.91484pt too high) detected at line 14147
 []



[318]

[319]

[320]

[321]

[322]

[323]

[324]

[325]

[326]

[327]

[328]

[329]

[330]

[331]

[332]

[333]

[334]

[335]

[336]

[337]

[338]

[339]

[340]

[341]
File: images/image197.png Graphic file (type bmp)
<images/image197.png>
File: images/image198.png Graphic file (type bmp)
<images/image198.png>
File: images/image199.png Graphic file (type bmp)
<images/image199.png>


[342]
Underfull \vbox (badness 2277) detected at line 15211
 []



[343]
File: images/image90.png Graphic file (type bmp)
<images/image90.png>


[344]

[345]
(C:\Users\DHLee\AppData\Local\Programs\MiKTeX\tex/generic/pgfornament/vectorian
\vectorian88.pgf)

[346]

[347]

[348]

[349]

[350]

[351]

[352]

[353]

[354]

[355]

[356]

[357]

[358]

[359]

[360]

[361]

[362]

[363]

[364]

[365]

[366]

[367]

[368]

[369]

[370]

[371]
(C:\Users\DHLee\AppData\Local\Programs\MiKTeX\tex/generic/pgfornament/vectorian
\vectorian88.pgf)

[372]

[373]

[374]

[375]

[376]
Overfull \vbox (1.76965pt too high) detected at line 16667
 []



[377]

[378]

[379]

[380]

[381]

[382]

[383]

[384]

[385]

[386]
(C:\Users\DHLee\AppData\Local\Programs\MiKTeX\tex/generic/pgfornament/vectorian
\vectorian88.pgf)

[387]

[388]

[389]

[390]

[391]

[392]

[393]

[394]

[395]

[396]

[397]
Overfull \vbox (9.1046pt too high) detected at line 17653
 []



[398]

[399]

[400]

[401]

[402]

[403]

[404]

[405]

[406]

[407]

[408]
Missing character: There is no 。 in font [lmroman12-regular]:mapping=tex-text;!


[409]

[410]

[411]

[412]

[413]

[414]

[415]
(C:\Users\DHLee\AppData\Local\Programs\MiKTeX\tex/generic/pgfornament/vectorian
\vectorian88.pgf)

[416]

[417]

[418]

[419]
Overfull \vbox (23.47043pt too high) detected at line 18790
 []



[420]

[421]

[422]

[423]
Underfull \vbox (badness 4886) detected at line 19063
 []



[424]

[425]

[426]

[427]

[428]

[429]
Overfull \vbox (15.07509pt too high) detected at line 19439
 []



[430]
Overfull \vbox (13.11377pt too high) detected at line 19489
 []



[431]
Overfull \vbox (47.39594pt too high) detected at line 19571
 []



[432]

[433]

[434]

[435]

[436]

[437]

[438]

[439]

[440]

[441]

[442]

[443]
Overfull \hbox (40.17088pt too wide) detected at line 20115
[]
 []



[444]
(C:\Users\DHLee\AppData\Local\Programs\MiKTeX\tex/generic/pgfornament/vectorian
\vectorian88.pgf)
Overfull \hbox (13.91858pt too wide) detected at line 20153
[]
 []



[445]

[446]

[447]

[448]

[449]
File: images/image14.png Graphic file (type bmp)
<images/image14.png>


[450]

[451]
File: images/image19.png Graphic file (type bmp)
<images/image19.png>


[452]
File: images/image30.png Graphic file (type bmp)
<images/image30.png>
File: images/image77.png Graphic file (type bmp)
<images/image77.png>


[453]

[454]

[455]

[456]

[457]

[458]

[459]

[460]

[461]

[462]

[463]
File: images/image75.png Graphic file (type bmp)
<images/image75.png>


[464]

[465]

[466]

[467]
Overfull \vbox (0.78699pt too high) detected at line 21297
 []



[468]

[469]

[470]

[471]

[472]

[473]

[474]

[475]

[476]

[477]
Underfull \vbox (badness 10000) detected at line 21750
 []



[478]

[479]

[480]

[481]

[482]

[483]

[484]

[485]

[486]

[487]
Missing character: There is no 。 in font [lmroman12-regular]:mapping=tex-text;!


[488]

[489]
Overfull \vbox (4.36195pt too high) detected at line 22275
 []



[490]
File: images/image288.png Graphic file (type bmp)
<images/image288.png>


[491]

[492]

[493]

[494]

[495]

[496]

[497]
File: images/image294.png Graphic file (type bmp)
<images/image294.png>


[498]

[499]

[500]

[501]
File: images/image303.png Graphic file (type bmp)
<images/image303.png>

Overfull \hbox (21.46404pt too wide) in paragraph at lines 22734--22739
\OML/cmm/m/it/12 ABCD$ \TU/KaiTi(0)/m/n/12 的 外 部，|  分 别 以 \TU/lmr/m/n/12 4 \TU/
KaiTi(0)/m/n/12 边 $\OML/cmm/m/it/12 AB; BC; CD; DA$ \TU/KaiTi(0)/m/n/12 为 斜 边 作
 等 腰 直 角 三 角 形 $\OML/cmm/m/it/12 APB; BQC; CRD; DSA$\TU/KaiTi(0)/m/n/12 。|
 []



[502]

[503]

[504]
File: images/image315.png Graphic file (type bmp)
<images/image315.png>


[505]
File: images/image316.png Graphic file (type bmp)
<images/image316.png>


[506]

[507]
File: images/image317.png Graphic file (type bmp)
<images/image317.png>

Overfull \hbox (128.95863pt too wide) detected at line 23008
[]
 []



[508]
Underfull \vbox (badness 7685) detected at line 23023
 []



[509]
File: images/image329.png Graphic file (type bmp)
<images/image329.png>


[510]
File: images/image330.png Graphic file (type bmp)
<images/image330.png>


[511]
File: images/image331.png Graphic file (type bmp)
<images/image331.png>

Overfull \hbox (142.1154pt too wide) detected at line 23115
\OML/cmm/m/it/12 S[] \OT1/cmr/m/n/12 = \OMS/cmsy/m/n/12 ^^@\OT1/cmr/m/n/12 12 [
][] \OML/cmm/m/it/12 ^^R [][] ^^R \OT1/cmr/m/n/12 + 4 [][] \OML/cmm/m/it/12 ^^R
 \OT1/cmr/m/n/12 = 4 [][] \OML/cmm/m/it/12 ^^R\OT1/cmr/m/n/12 (\OMS/cmsy/m/n/12
 ^^@\OT1/cmr/m/n/12 3 [][] \OML/cmm/m/it/12 ^^R \OT1/cmr/m/n/12 + [][] \OML/cmm
/m/it/12 ^^R\OT1/cmr/m/n/12 ) = 4 [][] \OML/cmm/m/it/12 ^^R\OT1/cmr/m/n/12 (4 [
][] \OML/cmm/m/it/12 ^^R \OMS/cmsy/m/n/12 ^^@ \OT1/cmr/m/n/12 3) = 4 [][] \OML/
cmm/m/it/12 ^^R\OT1/cmr/m/n/12 (2 [] \OML/cmm/m/it/12 ^^R \OMS/cmsy/m/n/12 ^^@ 
[]\OT1/cmr/m/n/12 )(2 [] \OML/cmm/m/it/12 ^^R \OT1/cmr/m/n/12 + [])
 []



[512]
File: images/image332.png Graphic file (type bmp)
<images/image332.png>
File: images/image333.png Graphic file (type bmp)
<images/image333.png>
File: images/image334.png Graphic file (type bmp)
<images/image334.png>


[513]
Underfull \vbox (badness 10000) detected at line 23168
 []



[514]

[515]
Overfull \hbox (48.59227pt too wide) detected at line 23202
[] \OT1/cmr/m/n/12 = [] = (\OML/cmm/m/it/12 ^^K \OT1/cmr/m/n/12 + \OML/cmm/m/it
/12 ^^L\OT1/cmr/m/n/12 )[] \OMS/cmsy/m/n/12 ^^@ \OML/cmm/m/it/12 ^^K^^L \OT1/cm
r/m/n/12 + \OML/cmm/m/it/12 a\OT1/cmr/m/n/12 (\OML/cmm/m/it/12 ^^K \OT1/cmr/m/n
/12 + \OML/cmm/m/it/12 ^^L\OT1/cmr/m/n/12 ) + \OML/cmm/m/it/12 b \OT1/cmr/m/n/1
2 = 2\OML/cmm/m/it/12 ^^K \OT1/cmr/m/n/12 + \OML/cmm/m/it/12 b \OT1/cmr/m/n/12 
+ 2
 []

File: images/image335.png Graphic file (type bmp)
<images/image335.png>


[516]
File: images/image336.png Graphic file (type bmp)
<images/image336.png>
File: images/image337.png Graphic file (type bmp)
<images/image337.png>


[517]
File: images/image338.png Graphic file (type bmp)
<images/image338.png>


[518]

[519]
File: images/image342.png Graphic file (type bmp)
<images/image342.png>


[520]

[521]
File: images/image343.png Graphic file (type bmp)
<images/image343.png>
File: images/image344.png Graphic file (type bmp)
<images/image344.png>


[522]
File: images/image345.png Graphic file (type bmp)
<images/image345.png>
File: images/image346.png Graphic file (type bmp)
<images/image346.png>


[523]

[524]
File: images/image347.png Graphic file (type bmp)
<images/image347.png>


[525]
File: images/image348.png Graphic file (type bmp)
<images/image348.png>
File: images/image349.png Graphic file (type bmp)
<images/image349.png>
File: images/image350.png Graphic file (type bmp)
<images/image350.png>


[526]
Overfull \vbox (9.07968pt too high) has occurred while \output is active []



[527]

[528]

[529]
File: images/image368.png Graphic file (type bmp)
<images/image368.png>


[530]
File: images/image369.png Graphic file (type bmp)
<images/image369.png>


[531]

[532]

[533]
File: images/image370.png Graphic file (type bmp)
<images/image370.png>


[534]

[535]

[536]

[537]

[538]
File: images/image381.png Graphic file (type bmp)
<images/image381.png>
File: images/image382.png Graphic file (type bmp)
<images/image382.png>


[539]

[540])

[541]
\openout2 = `离散数学.aux'.

 (离散数学.tex (pageborder.tex
(C:\Users\DHLee\AppData\Local\Programs\MiKTeX\tex/generic/pgfornament/vectorian
\vectorian61.pgf)
(C:\Users\DHLee\AppData\Local\Programs\MiKTeX\tex/generic/pgfornament/vectorian
\vectorian61.pgf)
(C:\Users\DHLee\AppData\Local\Programs\MiKTeX\tex/generic/pgfornament/vectorian
\vectorian61.pgf)
(C:\Users\DHLee\AppData\Local\Programs\MiKTeX\tex/generic/pgfornament/vectorian
\vectorian61.pgf)
(C:\Users\DHLee\AppData\Local\Programs\MiKTeX\tex/generic/pgfornament/vectorian
\vectorian87.pgf)
(C:\Users\DHLee\AppData\Local\Programs\MiKTeX\tex/generic/pgfornament/vectorian
\vectorian87.pgf)
(C:\Users\DHLee\AppData\Local\Programs\MiKTeX\tex/generic/pgfornament/vectorian
\vectorian87.pgf)
(C:\Users\DHLee\AppData\Local\Programs\MiKTeX\tex/generic/pgfornament/vectorian
\vectorian87.pgf)
(C:\Users\DHLee\AppData\Local\Programs\MiKTeX\tex/generic/pgfornament/vectorian
\vectorian87.pgf)
(C:\Users\DHLee\AppData\Local\Programs\MiKTeX\tex/generic/pgfornament/vectorian
\vectorian87.pgf)
(C:\Users\DHLee\AppData\Local\Programs\MiKTeX\tex/generic/pgfornament/vectorian
\vectorian87.pgf)
(C:\Users\DHLee\AppData\Local\Programs\MiKTeX\tex/generic/pgfornament/vectorian
\vectorian87.pgf)
(C:\Users\DHLee\AppData\Local\Programs\MiKTeX\tex/generic/pgfornament/vectorian
\vectorian87.pgf)
(C:\Users\DHLee\AppData\Local\Programs\MiKTeX\tex/generic/pgfornament/vectorian
\vectorian87.pgf))

[542



]
(C:\Users\DHLee\AppData\Local\Programs\MiKTeX\tex/generic/pgfornament/vectorian
\vectorian88.pgf)

[543]

[544]

[545]

[546]

[547]

[548]

[549]

[550]

[551]

[552]

[553]

[554]

[555]

[556]

[557]

[558]

[559]

[560]

[561]

[562]

[563]

[564]
(C:\Users\DHLee\AppData\Local\Programs\MiKTeX\tex/generic/pgfornament/vectorian
\vectorian88.pgf)

[565]
(C:\Users\DHLee\AppData\Local\Programs\MiKTeX\tex/generic/pgfornament/vectorian
\vectorian88.pgf)

[566]

[567]
Overfull \hbox (16.91931pt too wide) detected at line 1278
\OT1/cmr/m/n/12 = []\OMS/cmsy/m/n/12 f\OT1/cmr/m/n/12 [(\OMS/cmsy/m/n/12 ^^@\OT
1/cmr/m/n/12 1)[]\OML/cmm/m/it/12 m[] \OMS/cmsy/m/n/12 ^^@ \OML/cmm/m/it/12 m[]
\OT1/cmr/m/n/12 ] + (\OML/cmm/m/it/12 m[] \OT1/cmr/m/n/12 + \OML/cmm/m/it/12 m[
]\OT1/cmr/m/n/12 ) \OMS/cmsy/m/n/12 ^^@ \OT1/cmr/m/n/12 (\OML/cmm/m/it/12 m[] \
OT1/cmr/m/n/12 + \OML/cmm/m/it/12 m[]\OT1/cmr/m/n/12 ) + (\OMS/cmsy/m/n/12 ^^@\
OT1/cmr/m/n/12 1)[]\OML/cmm/m/it/12 m[]\OT1/cmr/m/n/12 (1 + \OML/cmm/m/it/12 m[
]\OT1/cmr/m/n/12 )\OMS/cmsy/m/n/12 g
 []



[568]

[569]

[570]

[571]

[572]

[573]

[574]
Underfull \vbox (badness 10000) detected at line 1602
 []



[575]

[576]

[577]

[578]

[579]

[580]

[581]

[582]

[583]
Underfull \vbox (badness 4726) detected at line 1999
 []



[584]

[585]

[586]

[587]

[588]
Underfull \vbox (badness 5231) detected at line 2178
 []



[589]

[590]

[591]

[592]

[593]

[594]

[595]

[596]

[597]

[598]

[599]

[600]
Underfull \vbox (badness 10000) detected at line 2651
 []



[601]

[602]

[603]
(C:\Users\DHLee\AppData\Local\Programs\MiKTeX\tex/generic/pgfornament/vectorian
\vectorian88.pgf)

[604]
(C:\Users\DHLee\AppData\Local\Programs\MiKTeX\tex/generic/pgfornament/vectorian
\vectorian88.pgf)

[605]

[606]

[607]

[608]

[609]

[610]

[611]

[612]

[613]

[614]

[615]

[616]

[617]

[618]

[619]

[620]

[621]

[622]

[623]

[624]

[625]

[626]

[627]

[628]

[629]

[630]

[631]

[632]

[633]

[634]

[635]

[636]

[637]

[638]

[639]

[640]
File: images/image255.png Graphic file (type bmp)
<images/image255.png>


[641]

[642]
Underfull \vbox (badness 7704) detected at line 4575
 []



[643]

[644]
Underfull \vbox (badness 10000) detected at line 4659
 []



[645]
Overfull \vbox (28.65244pt too high) has occurred while \output is active []



[646]

[647]
Underfull \vbox (badness 1675) detected at line 4738
 []



[648]

[649]

[650]

[651]

[652]

[653]
(C:\Users\DHLee\AppData\Local\Programs\MiKTeX\tex/generic/pgfornament/vectorian
\vectorian88.pgf)

[654]

[655]

[656]

[657]

[658]

[659]

[660]
Overfull \hbox (16.73172pt too wide) in paragraph at lines 5305--5307
[]\TU/KaiTi(0)/m/n/12 综 上 所 述，|  满 足 条 件 的 自 然 数 $\OML/cmm/m/it/12 N$ \TU/KaiTi
(0)/m/n/12 为：| $\OT1/cmr/m/n/12 220168\OML/cmm/m/it/12 ; \OT1/cmr/m/n/12 320164
\OML/cmm/m/it/12 ; \OT1/cmr/m/n/12 420160\OML/cmm/m/it/12 ; \OT1/cmr/m/n/12 520
169\OML/cmm/m/it/12 ; \OT1/cmr/m/n/12 620165\OML/cmm/m/it/12 ; \OT1/cmr/m/n/12 
720161\OML/cmm/m/it/12 ; \OT1/cmr/m/n/12 920166$\TU/KaiTi(0)/m/n/12 。| 
 []



[661]

[662]

[663]

[664]

[665]

[666]

[667]

[668]
(C:\Users\DHLee\AppData\Local\Programs\MiKTeX\tex/generic/pgfornament/vectorian
\vectorian88.pgf)

[669]

[670]

[671]

[672]

[673]

[674]

[675]

[676]

[677]

[678]

[679]

[680]

[681]

[682]

[683]

[684]

[685]

[686]

[687]

[688]
Overfull \hbox (36.80508pt too wide) in paragraph at lines 6554--6556
[]\TU/KaiTi(0)/m/n/12 综 上 所 述，|  符 合 条 件 的 数 组 共 有 $\OT1/cmr/m/n/12 6$ \TU/KaiT
i(0)/m/n/12 组：| $\OT1/cmr/m/n/12 (3\OML/cmm/m/it/12 ; \OT1/cmr/m/n/12 7\OML/cmm
/m/it/12 ; \OT1/cmr/m/n/12 42)\OML/cmm/m/it/12 ; \OT1/cmr/m/n/12 (3\OML/cmm/m/i
t/12 ; \OT1/cmr/m/n/12 8\OML/cmm/m/it/12 ; \OT1/cmr/m/n/12 24)\OML/cmm/m/it/12 
; \OT1/cmr/m/n/12 (3\OML/cmm/m/it/12 ; \OT1/cmr/m/n/12 9\OML/cmm/m/it/12 ; \OT1
/cmr/m/n/12 18)\OML/cmm/m/it/12 ; \OT1/cmr/m/n/12 (3\OML/cmm/m/it/12 ; \OT1/cmr
/m/n/12 10\OML/cmm/m/it/12 ; \OT1/cmr/m/n/12 15)\OML/cmm/m/it/12 ; \OT1/cmr/m/n
/12 (4\OML/cmm/m/it/12 ; \OT1/cmr/m/n/12 5\OML/cmm/m/it/12 ; \OT1/cmr/m/n/12 20
)\OML/cmm/m/it/12 ; \OT1/cmr/m/n/12 (4\OML/cmm/m/it/12 ; \OT1/cmr/m/n/12 6\OML/
cmm/m/it/12 ; \OT1/cmr/m/n/12 12)$\TU/KaiTi(0)/m/n/12 。| 
 []



[689]

[690]

[691]

[692]

[693]

[694]

[695]

[696]

[697]

[698]

[699]

[700]
(C:\Users\DHLee\AppData\Local\Programs\MiKTeX\tex/generic/pgfornament/vectorian
\vectorian88.pgf)

[701]

[702]

[703]

[704]

[705]

[706]

[707]

[708]

[709]

[710]

[711]

[712]

[713]

[714]

[715]

[716]

[717]

[718]

[719]

[720]

[721]

[722]

[723]
(C:\Users\DHLee\AppData\Local\Programs\MiKTeX\tex/generic/pgfornament/vectorian
\vectorian88.pgf)

[724]

[725]

[726]

[727]

[728]

[729]

[730]

[731]

[732]

[733]

[734]

[735]

[736]

[737]

[738]

[739]

[740]

[741]

[742]
File: images/image13.png Graphic file (type bmp)
<images/image13.png>


[743]

[744]
File: images/image170.png Graphic file (type bmp)
<images/image170.png>


[745]

[746]

[747]
File: images/image7.png Graphic file (type bmp)
<images/image7.png>
File: images/image95.png Graphic file (type bmp)
<images/image95.png>
File: images/image96.jpg Graphic file (type bmp)
<images/image96.jpg>


[748]

[749]

[750]

[751]
File: images/image162.png Graphic file (type bmp)
<images/image162.png>


[752]
Missing character: There is no 。 in font [lmroman12-regular]:mapping=tex-text;!


[753]
Underfull \vbox (badness 10000) detected at line 9404
 []



[754]

[755]

[756]

[757]

[758]

[759]
Overfull \hbox (14.86325pt too wide) detected at line 9552
\OML/cmm/m/it/12 E[] \OT1/cmr/m/n/12 = \OMS/cmsy/m/n/12 f\OT1/cmr/m/n/12 1\OML/
cmm/m/it/12 ; \OT1/cmr/m/n/12 999\OMS/cmsy/m/n/12 g\OML/cmm/m/it/12 ; E[] \OT1/
cmr/m/n/12 = \OMS/cmsy/m/n/12 f\OT1/cmr/m/n/12 2\OML/cmm/m/it/12 ; \OT1/cmr/m/n
/12 998\OMS/cmsy/m/n/12 g\OML/cmm/m/it/12 ; E[] \OT1/cmr/m/n/12 = \OMS/cmsy/m/n
/12 f\OT1/cmr/m/n/12 3\OML/cmm/m/it/12 ; \OT1/cmr/m/n/12 997\OMS/cmsy/m/n/12 g\
OML/cmm/m/it/12 ; [] ; E[] \OT1/cmr/m/n/12 = \OMS/cmsy/m/n/12 f\OT1/cmr/m/n/12 
499\OML/cmm/m/it/12 ; \OT1/cmr/m/n/12 501\OMS/cmsy/m/n/12 g\OML/cmm/m/it/12 ; E
[] \OT1/cmr/m/n/12 = \OMS/cmsy/m/n/12 f\OT1/cmr/m/n/12 500\OMS/cmsy/m/n/12 g\OM
L/cmm/m/it/12 ; E[] \OT1/cmr/m/n/12 = \OMS/cmsy/m/n/12 f\OT1/cmr/m/n/12 1000\OM
S/cmsy/m/n/12 g
 []



[760]

[761]

[762]

[763]
Missing character: There is no 。 in font [lmroman12-regular]:mapping=tex-text;!
Missing character: There is no 。 in font [lmroman12-regular]:mapping=tex-text;!
Missing character: There is no 。 in font [lmroman12-regular]:mapping=tex-text;!
Missing character: There is no 。 in font [lmroman12-regular]:mapping=tex-text;!
Missing character: There is no 。 in font [lmroman12-regular]:mapping=tex-text;!


[764]

[765]

[766]

[767]

[768]

[769]

[770]

[771]
(C:\Users\DHLee\AppData\Local\Programs\MiKTeX\tex/generic/pgfornament/vectorian
\vectorian88.pgf)

[772]

[773]

[774]

[775]
Overfull \hbox (7.73753pt too wide) in paragraph at lines 10321--10324
\TU/lmr/m/n/12 1. $\OML/cmm/m/it/12 P$ \TU/KaiTi(0)/m/n/12 是 否 具 有 自 反 性？|  即 证
 明\TU/lmr/m/n/12 /\TU/KaiTi(0)/m/n/12 推 翻：| $\OMS/cmsy/m/n/12 8\OML/cmm/m/it/12
 x \OMS/cmsy/m/n/12 2 \U/msb/m/n/12 Z\OML/cmm/m/it/12 ;  x P x$ \TU/KaiTi(0)/m/
n/12 即 证 明\TU/lmr/m/n/12 /\TU/KaiTi(0)/m/n/12 推 翻：| $\OMS/cmsy/m/n/12 8\OML/cmm
/m/it/12 x \OMS/cmsy/m/n/12 2 \U/msb/m/n/12 Z\OML/cmm/m/it/12 ;  \OMS/cmsy/m/n/
12 9[]\OML/cmm/m/it/12 p[]p\OMS/cmsy/m/n/12 j\OML/cmm/m/it/12 x$ 
 []


Overfull \hbox (50.2026pt too wide) in paragraph at lines 10337--10342
[]$\OML/cmm/m/it/12 P$ \TU/KaiTi(0)/m/n/12 具 有 对 称 性。|  要 证 明：| $\OMS/cmsy/m/n/
12 8\OML/cmm/m/it/12 x; y \OMS/cmsy/m/n/12 2 \U/msb/m/n/12 Z\OML/cmm/m/it/12 ; 
[]x P y; []y P x$ \TU/KaiTi(0)/m/n/12 令 $\OML/cmm/m/it/12 x; y \OMS/cmsy/m/n/12
 2 \U/msb/m/n/12 Z$\TU/KaiTi(0)/m/n/12 。|  假 设 $\OML/cmm/m/it/12 x P y$ |\TU/Ka
iTi(0)/m/n/12 （即 $\OMS/cmsy/m/n/12 9[]\OML/cmm/m/it/12 p[]p\OMS/cmsy/m/n/12 j\O
ML/cmm/m/it/12 x[]p\OMS/cmsy/m/n/12 j\OML/cmm/m/it/12 y$\TU/KaiTi(0)/m/n/12 ） 。
|
 []



[776]

[777]

[778]

[779]

[780]
(C:\Users\DHLee\AppData\Local\Programs\MiKTeX\tex/generic/pgfornament/vectorian
\vectorian88.pgf))

[781]
\openout2 = `统计学.aux'.

 (统计学.tex (pageborder.tex
(C:\Users\DHLee\AppData\Local\Programs\MiKTeX\tex/generic/pgfornament/vectorian
\vectorian61.pgf)
(C:\Users\DHLee\AppData\Local\Programs\MiKTeX\tex/generic/pgfornament/vectorian
\vectorian61.pgf)
(C:\Users\DHLee\AppData\Local\Programs\MiKTeX\tex/generic/pgfornament/vectorian
\vectorian61.pgf)
(C:\Users\DHLee\AppData\Local\Programs\MiKTeX\tex/generic/pgfornament/vectorian
\vectorian61.pgf)
(C:\Users\DHLee\AppData\Local\Programs\MiKTeX\tex/generic/pgfornament/vectorian
\vectorian87.pgf)
(C:\Users\DHLee\AppData\Local\Programs\MiKTeX\tex/generic/pgfornament/vectorian
\vectorian87.pgf)
(C:\Users\DHLee\AppData\Local\Programs\MiKTeX\tex/generic/pgfornament/vectorian
\vectorian87.pgf)
(C:\Users\DHLee\AppData\Local\Programs\MiKTeX\tex/generic/pgfornament/vectorian
\vectorian87.pgf)
(C:\Users\DHLee\AppData\Local\Programs\MiKTeX\tex/generic/pgfornament/vectorian
\vectorian87.pgf)
(C:\Users\DHLee\AppData\Local\Programs\MiKTeX\tex/generic/pgfornament/vectorian
\vectorian87.pgf)
(C:\Users\DHLee\AppData\Local\Programs\MiKTeX\tex/generic/pgfornament/vectorian
\vectorian87.pgf)
(C:\Users\DHLee\AppData\Local\Programs\MiKTeX\tex/generic/pgfornament/vectorian
\vectorian87.pgf)
(C:\Users\DHLee\AppData\Local\Programs\MiKTeX\tex/generic/pgfornament/vectorian
\vectorian87.pgf)
(C:\Users\DHLee\AppData\Local\Programs\MiKTeX\tex/generic/pgfornament/vectorian
\vectorian87.pgf))

[782



]
(C:\Users\DHLee\AppData\Local\Programs\MiKTeX\tex/generic/pgfornament/vectorian
\vectorian88.pgf)

[783]

[784]

[785]

[786]

[787]
Overfull \vbox (3.39053pt too high) detected at line 250
 []



[788]

[789]

[790]
File: images/image171.png Graphic file (type bmp)
<images/image171.png>


[791]

[792]

[793]

[794]

[795]

[796]

[797]

[798]

Package amsmath Warning: Foreign command \over;
(amsmath)                \frac or \genfrac should be used instead
(amsmath)                 on input line 656.

File: images/image174.png Graphic file (type bmp)
<images/image174.png>


[799]

[800]
Missing character: There is no 。 in font [lmroman12-regular]:mapping=tex-text;!
Missing character: There is no 。 in font [lmroman12-regular]:mapping=tex-text;!


[801]

[802]

[803]

[804]

[805]

[806]

[807]

[808]
Overfull \vbox (11.08841pt too high) detected at line 1098
 []



[809]

[810]
Overfull \hbox (207.79498pt too wide) in paragraph at lines 1193--1198
\TU/KaiTi(0)/m/n/12 等 可 能 的。|  例 如，| $\OML/cmm/m/it/12 n \OT1/cmr/m/n/12 = 3$ \
TU/KaiTi(0)/m/n/12 时，|  将 \TU/lmr/m/n/12 A, B, C \TU/KaiTi(0)/m/n/12 三 个 人 分 组 
的 方 法 有：| $\OMS/cmsy/m/n/12 f\OT1/cmr/m/n/12 (\OML/cmm/m/it/12 A; B; C\OT1/cmr/
m/n/12 )\OMS/cmsy/m/n/12 g\OML/cmm/m/it/12 ; \OMS/cmsy/m/n/12 f\OT1/cmr/m/n/12 
(\OML/cmm/m/it/12 A; B\OT1/cmr/m/n/12 )\OML/cmm/m/it/12 ; \OT1/cmr/m/n/12 (\OML
/cmm/m/it/12 C\OT1/cmr/m/n/12 )\OMS/cmsy/m/n/12 g\OML/cmm/m/it/12 ; \OMS/cmsy/m
/n/12 f\OT1/cmr/m/n/12 (\OML/cmm/m/it/12 A; C\OT1/cmr/m/n/12 )\OML/cmm/m/it/12 
; \OT1/cmr/m/n/12 (\OML/cmm/m/it/12 B\OT1/cmr/m/n/12 )\OMS/cmsy/m/n/12 g\OML/cm
m/m/it/12 ; \OMS/cmsy/m/n/12 f\OT1/cmr/m/n/12 (\OML/cmm/m/it/12 B; C\OT1/cmr/m/
n/12 )\OML/cmm/m/it/12 ; \OT1/cmr/m/n/12 (\OML/cmm/m/it/12 A\OT1/cmr/m/n/12 )\O
MS/cmsy/m/n/12 g\OML/cmm/m/it/12 ; \OMS/cmsy/m/n/12 f\OT1/cmr/m/n/12 (\OML/cmm/
m/it/12 A\OT1/cmr/m/n/12 )\OML/cmm/m/it/12 ; \OT1/cmr/m/n/12 (\OML/cmm/m/it/12 
B\OT1/cmr/m/n/12 )\OML/cmm/m/it/12 ; \OT1/cmr/m/n/12 (\OML/cmm/m/it/12 C\OT1/cm
r/m/n/12 )\OMS/cmsy/m/n/12 g$
 []



[811]

[812]

[813]

[814]
Underfull \vbox (badness 10000) detected at line 1393
 []



[815]

[816]

[817]
Overfull \vbox (12.6018pt too high) detected at line 1501
 []



[818]

[819]

[820]
Overfull \hbox (9.17828pt too wide) detected at line 1600
\OML/cmm/m/it/12 a[] \OMS/cmsy/m/n/12 ^^@ [] \OT1/cmr/m/n/12 = [] (\OML/cmm/m/i
t/12 p \OMS/cmsy/m/n/12 ^^@ \OML/cmm/m/it/12 q\OT1/cmr/m/n/12 )[] = [](\OML/cmm
/m/it/12 p \OMS/cmsy/m/n/12 ^^@ \OML/cmm/m/it/12 q\OT1/cmr/m/n/12 )[] = [](\OML
/cmm/m/it/12 p \OMS/cmsy/m/n/12 ^^@ \OML/cmm/m/it/12 q\OT1/cmr/m/n/12 )[]
 []



[821]

[822]

[823]
Overfull \hbox (12.66835pt too wide) detected at line 1700
\OML/cmm/m/it/12 P\OT1/cmr/m/n/12 ([]) = [][] = [][] \OML/cmm/m/it/12 ;  P\OT1/
cmr/m/n/12 ([]) = [][] = [][] \OML/cmm/m/it/12 ;  P\OT1/cmr/m/n/12 ([]) = [][] 
= [][]
 []



[824]

[825]

[826]

[827]

[828]

[829]
Overfull \hbox (74.03206pt too wide) in paragraph at lines 1968--1976
\TU/KaiTi(0)/m/n/12 设 $\OML/cmm/m/it/12 a[] \OT1/cmr/m/n/12 + \OML/cmm/m/it/12 
a[] \OT1/cmr/m/n/12 + \OML/cmm/m/it/12 a[] \OT1/cmr/m/n/12 = 7$ \TU/KaiTi(0)/m/
n/12 的 事 件 为 $\OML/cmm/m/it/12 A$\TU/KaiTi(0)/m/n/12 。|  满 足 条 件 的 点 数 组 合 $\OM
S/cmsy/m/n/12 f\OML/cmm/m/it/12 a[]; a[]; a[]\OMS/cmsy/m/n/12 g$ \TU/KaiTi(0)/m
/n/12 有：| $\OMS/cmsy/m/n/12 f\OT1/cmr/m/n/12 1\OML/cmm/m/it/12 ; \OT1/cmr/m/n/1
2 1\OML/cmm/m/it/12 ; \OT1/cmr/m/n/12 5\OMS/cmsy/m/n/12 g\OML/cmm/m/it/12 ; \OM
S/cmsy/m/n/12 f\OT1/cmr/m/n/12 1\OML/cmm/m/it/12 ; \OT1/cmr/m/n/12 2\OML/cmm/m/
it/12 ; \OT1/cmr/m/n/12 4\OMS/cmsy/m/n/12 g\OML/cmm/m/it/12 ; \OMS/cmsy/m/n/12 
f\OT1/cmr/m/n/12 1\OML/cmm/m/it/12 ; \OT1/cmr/m/n/12 3\OML/cmm/m/it/12 ; \OT1/c
mr/m/n/12 3\OMS/cmsy/m/n/12 g\OML/cmm/m/it/12 ; \OMS/cmsy/m/n/12 f\OT1/cmr/m/n/
12 2\OML/cmm/m/it/12 ; \OT1/cmr/m/n/12 2\OML/cmm/m/it/12 ; \OT1/cmr/m/n/12 3\OM
S/cmsy/m/n/12 g$\TU/KaiTi(0)/m/n/12 。|
 []



[830]

[831]

[832]

[833]

[834]

[835]
Underfull \vbox (badness 3088) detected at line 2257
 []



[836]
Overfull \hbox (14.81595pt too wide) detected at line 2278
[] [][] \OMS/cmsy/m/n/12 ^^A [] \OT1/cmr/m/n/12 + [] [][] \OMS/cmsy/m/n/12 ^^A 
[] \OT1/cmr/m/n/12 = \OMS/cmsy/m/n/12 f\OT1/cmr/m/n/12 (\OML/cmm/m/it/12 n \OMS
/cmsy/m/n/12 ^^@ \OT1/cmr/m/n/12 1)(\OML/cmm/m/it/12 n \OMS/cmsy/m/n/12 ^^@ \OT
1/cmr/m/n/12 2) + (\OML/cmm/m/it/12 n \OMS/cmsy/m/n/12 ^^@ \OT1/cmr/m/n/12 1)(\
OML/cmm/m/it/12 n \OMS/cmsy/m/n/12 ^^@ \OT1/cmr/m/n/12 2)(\OML/cmm/m/it/12 n \O
MS/cmsy/m/n/12 ^^@ \OT1/cmr/m/n/12 3)\OMS/cmsy/m/n/12 g [][]
 []



[837]

[838]

[839]

[840]

[841]

[842]

[843]

[844]
(C:\Users\DHLee\AppData\Local\Programs\MiKTeX\tex/generic/pgfornament/vectorian
\vectorian88.pgf)

[845]
(C:\Users\DHLee\AppData\Local\Programs\MiKTeX\tex/generic/pgfornament/vectorian
\vectorian88.pgf)
File: images/image154.png Graphic file (type bmp)
<images/image154.png>


[846]

[847]

[848]
File: images/image8.png Graphic file (type bmp)
<images/image8.png>


[849]

[850]

[851]

[852]

[853]

[854]

[855]

[856]

[857]

[858]

[859]
(C:\Users\DHLee\AppData\Local\Programs\MiKTeX\tex/generic/pgfornament/vectorian
\vectorian88.pgf)

[860]
(C:\Users\DHLee\AppData\Local\Programs\MiKTeX\tex/generic/pgfornament/vectorian
\vectorian88.pgf)

[861])

[862]
\openout2 = `几何.aux'.

 (几何.tex (pageborder.tex
(C:\Users\DHLee\AppData\Local\Programs\MiKTeX\tex/generic/pgfornament/vectorian
\vectorian61.pgf)
(C:\Users\DHLee\AppData\Local\Programs\MiKTeX\tex/generic/pgfornament/vectorian
\vectorian61.pgf)
(C:\Users\DHLee\AppData\Local\Programs\MiKTeX\tex/generic/pgfornament/vectorian
\vectorian61.pgf)
(C:\Users\DHLee\AppData\Local\Programs\MiKTeX\tex/generic/pgfornament/vectorian
\vectorian61.pgf)
(C:\Users\DHLee\AppData\Local\Programs\MiKTeX\tex/generic/pgfornament/vectorian
\vectorian87.pgf)
(C:\Users\DHLee\AppData\Local\Programs\MiKTeX\tex/generic/pgfornament/vectorian
\vectorian87.pgf)
(C:\Users\DHLee\AppData\Local\Programs\MiKTeX\tex/generic/pgfornament/vectorian
\vectorian87.pgf)
(C:\Users\DHLee\AppData\Local\Programs\MiKTeX\tex/generic/pgfornament/vectorian
\vectorian87.pgf)
(C:\Users\DHLee\AppData\Local\Programs\MiKTeX\tex/generic/pgfornament/vectorian
\vectorian87.pgf)
(C:\Users\DHLee\AppData\Local\Programs\MiKTeX\tex/generic/pgfornament/vectorian
\vectorian87.pgf)
(C:\Users\DHLee\AppData\Local\Programs\MiKTeX\tex/generic/pgfornament/vectorian
\vectorian87.pgf)
(C:\Users\DHLee\AppData\Local\Programs\MiKTeX\tex/generic/pgfornament/vectorian
\vectorian87.pgf)
(C:\Users\DHLee\AppData\Local\Programs\MiKTeX\tex/generic/pgfornament/vectorian
\vectorian87.pgf)
(C:\Users\DHLee\AppData\Local\Programs\MiKTeX\tex/generic/pgfornament/vectorian
\vectorian87.pgf))

[863



]
(C:\Users\DHLee\AppData\Local\Programs\MiKTeX\tex/generic/pgfornament/vectorian
\vectorian88.pgf)

[864]

[865]

[866]

[867]

[868]

[869]
File: images/image1.png Graphic file (type bmp)
<images/image1.png>


[870]
File: images/image2.png Graphic file (type bmp)
<images/image2.png>


[871]
File: images/image146.png Graphic file (type bmp)
<images/image146.png>
File: images/image35.png Graphic file (type bmp)
<images/image35.png>


[872]
File: images/image44.png Graphic file (type bmp)
<images/image44.png>


[873]
File: images/image226.png Graphic file (type bmp)
<images/image226.png>
File: images/image121.jpg Graphic file (type bmp)
<images/image121.jpg>


[874]

[875]
File: images/image277.png Graphic file (type bmp)
<images/image277.png>
File: images/image251.png Graphic file (type bmp)
<images/image251.png>


[876]
File: images/image250.png Graphic file (type bmp)
<images/image250.png>


[877]

[878]
File: images/image25.png Graphic file (type bmp)
<images/image25.png>
File: images/image86.jpg Graphic file (type bmp)
<images/image86.jpg>


[879]

[880]

[881]

[882]

[883]

[884]

[885]

[886]

[887]

[888]

[889]

[890]

[891]

[892]
File: images/image396.png Graphic file (type bmp)
<images/image396.png>


[893]
File: images/image397.png Graphic file (type bmp)
<images/image397.png>


[894]

[895]

[896]
File: images/image147.png Graphic file (type bmp)
<images/image147.png>


[897]
File: images/image151.png Graphic file (type bmp)
<images/image151.png>


[898]
File: images/image91.jpg Graphic file (type bmp)
<images/image91.jpg>


[899]
File: images/image123.jpg Graphic file (type bmp)
<images/image123.jpg>


[900]
File: images/image85.jpg Graphic file (type bmp)
<images/image85.jpg>


[901]
File: images/image127.jpg Graphic file (type bmp)
<images/image127.jpg>


[902]
File: images/image4.png Graphic file (type bmp)
<images/image4.png>


[903]
File: images/image93.jpg Graphic file (type bmp)
<images/image93.jpg>


[904]
File: images/image79.jpg Graphic file (type bmp)
<images/image79.jpg>
File: images/image153.png Graphic file (type bmp)
<images/image153.png>


[905]
File: images/image200.png Graphic file (type bmp)
<images/image200.png>


[906]
File: images/image175.png Graphic file (type bmp)
<images/image175.png>


[907]
File: images/image82.png Graphic file (type bmp)
<images/image82.png>


[908]
File: images/image142.png Graphic file (type bmp)
<images/image142.png>


[909]
File: images/image89.jpg Graphic file (type bmp)
<images/image89.jpg>


[910]
File: images/image150.png Graphic file (type bmp)
<images/image150.png>


[911]
File: images/image88.jpg Graphic file (type bmp)
<images/image88.jpg>


[912]
File: images/image137.png Graphic file (type bmp)
<images/image137.png>
File: images/image138.jpg Graphic file (type bmp)
<images/image138.jpg>


[913]

[914]
File: images/image92.jpg Graphic file (type bmp)
<images/image92.jpg>


[915]
File: images/image145.png Graphic file (type bmp)
<images/image145.png>


[916]
File: images/image67.png Graphic file (type bmp)
<images/image67.png>
File: images/image69.png Graphic file (type bmp)
<images/image69.png>


[917]
File: images/image72.png Graphic file (type bmp)
<images/image72.png>


[918]
File: images/image66.png Graphic file (type bmp)
<images/image66.png>


[919]
File: images/image68.png Graphic file (type bmp)
<images/image68.png>
File: images/image60.png Graphic file (type bmp)
<images/image60.png>


[920]
File: images/image76.png Graphic file (type bmp)
<images/image76.png>


[921]
File: images/image56.png Graphic file (type bmp)
<images/image56.png>


[922]
File: images/image94.jpg Graphic file (type bmp)
<images/image94.jpg>
File: images/image148.png Graphic file (type bmp)
<images/image148.png>


[923]
File: images/image178.png Graphic file (type bmp)
<images/image178.png>


[924]
File: images/image179.png Graphic file (type bmp)
<images/image179.png>


[925]
File: images/image51.png Graphic file (type bmp)
<images/image51.png>


[926]
File: images/image54.png Graphic file (type bmp)
<images/image54.png>
File: images/image246.png Graphic file (type bmp)
<images/image246.png>


[927]

[928]
File: images/image26.png Graphic file (type bmp)
<images/image26.png>


[929]
File: images/image104.png Graphic file (type bmp)
<images/image104.png>
File: images/image105.jpg Graphic file (type bmp)
<images/image105.jpg>


[930]
File: images/image48.png Graphic file (type bmp)
<images/image48.png>
File: images/image139.png Graphic file (type bmp)
<images/image139.png>


[931]

[932]
File: images/image29.png Graphic file (type bmp)
<images/image29.png>
File: images/image186.png Graphic file (type bmp)
<images/image186.png>


[933]
File: images/image39.png Graphic file (type bmp)
<images/image39.png>
File: images/image40.png Graphic file (type bmp)
<images/image40.png>


[934]
File: images/image190.png Graphic file (type bmp)
<images/image190.png>
File: images/image191.png Graphic file (type bmp)
<images/image191.png>


[935]
File: images/image192.png Graphic file (type bmp)
<images/image192.png>


[936]
File: images/image193.png Graphic file (type bmp)
<images/image193.png>


[937]
File: images/image194.png Graphic file (type bmp)
<images/image194.png>


[938]
File: images/image125.png Graphic file (type bmp)
<images/image125.png>
File: images/image244.png Graphic file (type bmp)
<images/image244.png>


[939]
File: images/image245.png Graphic file (type bmp)
<images/image245.png>


[940]

[941]

[942]

[943]
File: images/image256.png Graphic file (type bmp)
<images/image256.png>
File: images/image231.png Graphic file (type bmp)
<images/image231.png>
File: images/image232.png Graphic file (type bmp)
<images/image232.png>
File: images/image9.png Graphic file (type bmp)
<images/image9.png>
File: images/image141.png Graphic file (type bmp)
<images/image141.png>


[944]

[945]

[946]

[947]

[948]
(C:\Users\DHLee\AppData\Local\Programs\MiKTeX\tex/generic/pgfornament/vectorian
\vectorian88.pgf)

[949]

[950]

[951]

[952]

[953]

[954]
Overfull \vbox (6.2909pt too high) detected at line 3525
 []



[955]

[956]

[957]

[958]

[959]

[960]

[961]

[962]

[963]

[964]

[965]

[966]

[967]

[968]
Missing character: There is no 。 in font [lmroman12-regular]:mapping=tex-text;!
Missing character: There is no 。 in font [lmroman12-regular]:mapping=tex-text;!
Missing character: There is no 。 in font [lmroman12-regular]:mapping=tex-text;!
Missing character: There is no 。 in font [lmroman12-regular]:mapping=tex-text;!


[969]
Missing character: There is no 。 in font [lmroman12-regular]:mapping=tex-text;!


[970]

[971]

[972]

[973]

[974]

[975]
Overfull \hbox (67.64165pt too wide) detected at line 4472
\OT1/cmr/m/n/12 = []
 []



[976]

[977]

[978]
Underfull \vbox (badness 2753) detected at line 4567
 []



[979]
Underfull \vbox (badness 10000) detected at line 4603
 []



[980]
Overfull \hbox (6.13583pt too wide) detected at line 4619
[]
 []



[981]

[982]

[983]

[984]

[985]

[986]
Underfull \vbox (badness 2564) detected at line 4894
 []



[987]

[988]

[989]

[990]

[991]

[992]

[993]

[994]

[995]

[996]

[997]
Missing character: There is no 。 in font [lmroman12-regular]:mapping=tex-text;!


[998]
Underfull \vbox (badness 3746) detected at line 5350
 []



[999]

[1000]

[1001]

[1002]

[1003]

[1004]

[1005]

[1006]

[1007]

[1008]

[1009]
Overfull \hbox (6.15742pt too wide) detected at line 5790
[]
 []



[1010]

[1011]

[1012]

[1013]

[1014]

[1015]

[1016]
Underfull \vbox (badness 3942) detected at line 6134
 []



[1017]

[1018]

[1019]

[1020]

[1021]

[1022]

[1023]

[1024]

[1025]
(C:\Users\DHLee\AppData\Local\Programs\MiKTeX\tex/generic/pgfornament/vectorian
\vectorian88.pgf)

[1026]

[1027]

[1028]

[1029]

[1030]

[1031]

[1032]

[1033]

[1034]

[1035]

[1036]

[1037]

[1038]

[1039]

[1040]
Underfull \vbox (badness 2941) detected at line 7176
 []



[1041]

[1042]

[1043]
Overfull \vbox (1.25803pt too high) detected at line 7295
 []



[1044]
(C:\Users\DHLee\AppData\Local\Programs\MiKTeX\tex/generic/pgfornament/vectorian
\vectorian88.pgf)
File: images/image278.png Graphic file (type bmp)
<images/image278.png>


[1045]
File: images/image252.png Graphic file (type bmp)
<images/image252.png>


[1046]

[1047]
File: images/image248.png Graphic file (type bmp)
<images/image248.png>


[1048]

[1049]
File: images/image249.png Graphic file (type bmp)
<images/image249.png>


[1050]
File: images/image196.png Graphic file (type bmp)
<images/image196.png>


[1051]
File: images/image3.png Graphic file (type bmp)
<images/image3.png>


[1052]
File: images/image5.png Graphic file (type bmp)
<images/image5.png>


[1053]
File: images/image108.png Graphic file (type bmp)
<images/image108.png>
File: images/image109.jpg Graphic file (type bmp)
<images/image109.jpg>


[1054]
File: images/image129.jpg Graphic file (type bmp)
<images/image129.jpg>


[1055]
File: images/image116.jpg Graphic file (type bmp)
<images/image116.jpg>


[1056]
File: images/image126.jpg Graphic file (type bmp)
<images/image126.jpg>


[1057]
File: images/image143.png Graphic file (type bmp)
<images/image143.png>


[1058]
File: images/image155.png Graphic file (type bmp)
<images/image155.png>


[1059]

[1060]
File: images/image173.png Graphic file (type bmp)
<images/image173.png>


[1061]
File: images/image165.png Graphic file (type bmp)
<images/image165.png>
File: images/image166.png Graphic file (type bmp)
<images/image166.png>


[1062]
File: images/image201.png Graphic file (type bmp)
<images/image201.png>
File: images/image202.png Graphic file (type bmp)
<images/image202.png>


[1063]

[1064]
File: images/image43.png Graphic file (type bmp)
<images/image43.png>
File: images/image159.png Graphic file (type bmp)
<images/image159.png>


[1065]
File: images/image134.png Graphic file (type bmp)
<images/image134.png>
File: images/image135.jpg Graphic file (type bmp)
<images/image135.jpg>


[1066]
File: images/image110.jpg Graphic file (type bmp)
<images/image110.jpg>


[1067]
File: images/image124.jpg Graphic file (type bmp)
<images/image124.jpg>


[1068]

[1069]
File: images/image61.png Graphic file (type bmp)
<images/image61.png>


[1070]
File: images/image224.png Graphic file (type bmp)
<images/image224.png>


[1071]
File: images/image140.png Graphic file (type bmp)
<images/image140.png>


[1072]
File: images/image157.png Graphic file (type bmp)
<images/image157.png>


[1073]
File: images/image152.png Graphic file (type bmp)
<images/image152.png>
File: images/image80.jpg Graphic file (type bmp)
<images/image80.jpg>


[1074]
File: images/image214.png Graphic file (type bmp)
<images/image214.png>


[1075]
File: images/image99.png Graphic file (type bmp)
<images/image99.png>
File: images/image100.jpg Graphic file (type bmp)
<images/image100.jpg>


[1076]
File: images/image87.jpg Graphic file (type bmp)
<images/image87.jpg>


[1077]
File: images/image78.png Graphic file (type bmp)
<images/image78.png>


[1078]
File: images/image70.png Graphic file (type bmp)
<images/image70.png>


[1079]
File: images/image59.png Graphic file (type bmp)
<images/image59.png>


[1080]
File: images/image23.png Graphic file (type bmp)
<images/image23.png>


[1081]
File: images/image83.png Graphic file (type bmp)
<images/image83.png>


[1082]
File: images/image156.png Graphic file (type bmp)
<images/image156.png>


[1083]

[1084]
File: images/image36.png Graphic file (type bmp)
<images/image36.png>
File: images/image37.png Graphic file (type bmp)
<images/image37.png>


[1085]
File: images/image136.jpg Graphic file (type bmp)
<images/image136.jpg>


[1086]
File: images/image132.jpg Graphic file (type bmp)
<images/image132.jpg>


[1087]
File: images/image160.png Graphic file (type bmp)
<images/image160.png>


[1088]
File: images/image403.png Graphic file (type bmp)
<images/image403.png>


[1089]
File: images/image404.png Graphic file (type bmp)
<images/image404.png>


[1090]
File: images/image405.png Graphic file (type bmp)
<images/image405.png>
File: images/image406.png Graphic file (type bmp)
<images/image406.png>


[1091]
File: images/image407.png Graphic file (type bmp)
<images/image407.png>


[1092]
File: images/image408.png Graphic file (type bmp)
<images/image408.png>


[1093]
File: images/image409.png Graphic file (type bmp)
<images/image409.png>
File: images/image410.png Graphic file (type bmp)
<images/image410.png>


[1094]

[1095]
File: images/image411.png Graphic file (type bmp)
<images/image411.png>
File: images/image412.png Graphic file (type bmp)
<images/image412.png>


[1096]
File: images/image413.png Graphic file (type bmp)
<images/image413.png>


[1097]
File: images/image414.png Graphic file (type bmp)
<images/image414.png>

Overfull \hbox (5.06624pt too wide) in paragraph at lines 8935--8942
[]\TU/lmr/m/n/12 (INDIA/2006) \TU/KaiTi(0)/m/n/12 在 圆 内 接 四 边 形 $\OML/cmm/m/it/
12 ABCD$ \TU/KaiTi(0)/m/n/12 中，| $\OML/cmm/m/it/12 AB \OT1/cmr/m/n/12 = \OML/cm
m/m/it/12 a; BC \OT1/cmr/m/n/12 = \OML/cmm/m/it/12 b; CD \OT1/cmr/m/n/12 = \OML
/cmm/m/it/12 c$\TU/KaiTi(0)/m/n/12 ，| $\U/msa/m/n/12 \\OML/cmm/m/it/12 ABC \OT1
/cmr/m/n/12 = 120[]\OML/cmm/m/it/12 ; \U/msa/m/n/12 \\OML/cmm/m/it/12 ABD \OT1/
cmr/m/n/12 =
 []



[1098]
File: images/image415.png Graphic file (type bmp)
<images/image415.png>


[1099]
File: images/image416.png Graphic file (type bmp)
<images/image416.png>


[1100]
File: images/image417.png Graphic file (type bmp)
<images/image417.png>


[1101]
File: images/image418.png Graphic file (type bmp)
<images/image418.png>


[1102]
File: images/image419.png Graphic file (type bmp)
<images/image419.png>
File: images/image420.png Graphic file (type bmp)
<images/image420.png>


[1103]
File: images/image421.png Graphic file (type bmp)
<images/image421.png>


[1104]
File: images/image422.png Graphic file (type bmp)
<images/image422.png>


[1105]
File: images/image423.png Graphic file (type bmp)
<images/image423.png>
File: images/image424.png Graphic file (type bmp)
<images/image424.png>


[1106]
File: images/image425.png Graphic file (type bmp)
<images/image425.png>


[1107]
File: images/image426.png Graphic file (type bmp)
<images/image426.png>


[1108]
File: images/image427.png Graphic file (type bmp)
<images/image427.png>


[1109]
File: images/image428.png Graphic file (type bmp)
<images/image428.png>


[1110]
File: images/image429.png Graphic file (type bmp)
<images/image429.png>


[1111]
File: images/image430.png Graphic file (type bmp)
<images/image430.png>


[1112]
File: images/image431.png Graphic file (type bmp)
<images/image431.png>


[1113]

[1114]
File: images/image432.png Graphic file (type bmp)
<images/image432.png>


[1115]
File: images/image433.png Graphic file (type bmp)
<images/image433.png>


[1116]
File: images/image434.png Graphic file (type bmp)
<images/image434.png>
File: images/image435.png Graphic file (type bmp)
<images/image435.png>


[1117]
File: images/image436.png Graphic file (type bmp)
<images/image436.png>


[1118]
File: images/image437.png Graphic file (type bmp)
<images/image437.png>


[1119]
File: images/image438.png Graphic file (type bmp)
<images/image438.png>


[1120]
File: images/image439.png Graphic file (type bmp)
<images/image439.png>


[1121]
File: images/image440.png Graphic file (type bmp)
<images/image440.png>


[1122]
File: images/image441.png Graphic file (type bmp)
<images/image441.png>


[1123]
File: images/image442.png Graphic file (type bmp)
<images/image442.png>


[1124]
File: images/image443.png Graphic file (type bmp)
<images/image443.png>


[1125]
File: images/image444.png Graphic file (type bmp)
<images/image444.png>


[1126]

[1127]
File: images/image445.png Graphic file (type bmp)
<images/image445.png>
File: images/image273.png Graphic file (type bmp)
<images/image273.png>


[1128]
Overfull \vbox (5.8184pt too high) detected at line 9837
 []



[1129]
File: images/image289.png Graphic file (type bmp)
<images/image289.png>


[1130]

[1131]
File: images/image295.png Graphic file (type bmp)
<images/image295.png>


[1132]

[1133]

[1134]
(C:\Users\DHLee\AppData\Local\Programs\MiKTeX\tex/generic/pgfornament/vectorian
\vectorian88.pgf)

[1135]
File: images/image158.png Graphic file (type bmp)
<images/image158.png>
File: images/image128.jpg Graphic file (type bmp)
<images/image128.jpg>


[1136]
File: images/image74.png Graphic file (type bmp)
<images/image74.png>


[1137]
File: images/image122.jpg Graphic file (type bmp)
<images/image122.jpg>


[1138]
File: images/image98.jpg Graphic file (type bmp)
<images/image98.jpg>


[1139]
File: images/image133.jpg Graphic file (type bmp)
<images/image133.jpg>


[1140]
File: images/image57.png Graphic file (type bmp)
<images/image57.png>


[1141]
File: images/image225.png Graphic file (type bmp)
<images/image225.png>


[1142]
File: images/image47.png Graphic file (type bmp)
<images/image47.png>


[1143]
File: images/image33.png Graphic file (type bmp)
<images/image33.png>


[1144]

[1145]

[1146]
File: images/image253.png Graphic file (type bmp)
<images/image253.png>


[1147]

[1148]
File: images/image460.png Graphic file (type bmp)
<images/image460.png>
File: images/image461.png Graphic file (type bmp)
<images/image461.png>


[1149]
File: images/image462.png Graphic file (type bmp)
<images/image462.png>

Overfull \hbox (32.83334pt too wide) detected at line 10493
[]
 []



[1150]
File: images/image463.png Graphic file (type bmp)
<images/image463.png>


[1151]
File: images/image464.png Graphic file (type bmp)
<images/image464.png>


[1152]
File: images/image465.png Graphic file (type bmp)
<images/image465.png>


[1153]
File: images/image466.png Graphic file (type bmp)
<images/image466.png>


[1154]
File: images/image467.png Graphic file (type bmp)
<images/image467.png>


[1155]
File: images/image468.png Graphic file (type bmp)
<images/image468.png>


[1156]
File: images/image469.png Graphic file (type bmp)
<images/image469.png>


[1157]
File: images/image470.png Graphic file (type bmp)
<images/image470.png>
File: images/image471.png Graphic file (type bmp)
<images/image471.png>


[1158]

[1159]
File: images/image472.png Graphic file (type bmp)
<images/image472.png>


[1160]
File: images/image473.png Graphic file (type bmp)
<images/image473.png>

Overfull \hbox (2.60075pt too wide) in paragraph at lines 10815--10820
\TU/KaiTi(0)/m/n/12 分 别 是 $\OML/cmm/m/it/12 BC; CA; AB$ \TU/KaiTi(0)/m/n/12 的 垂
 直 平 分 线，|  故 直 线 $\OML/cmm/m/it/12 A[]D; B[]E; C[]F$ \TU/KaiTi(0)/m/n/12 交 于 $
\OML/cmm/m/it/12 O$\TU/KaiTi(0)/m/n/12 。|  只 需 证 明 $\OML/cmm/m/it/12 A[]D; B[]E
; C[]F$
 []



[1161]
File: images/image474.png Graphic file (type bmp)
<images/image474.png>
File: images/image475.png Graphic file (type bmp)
<images/image475.png>


[1162]

[1163]
File: images/image476.png Graphic file (type bmp)
<images/image476.png>
File: images/image477.png Graphic file (type bmp)
<images/image477.png>


[1164]
File: images/image399.png Graphic file (type bmp)
<images/image399.png>


[1165]
File: images/image446.png Graphic file (type bmp)
<images/image446.png>


[1166]
File: images/image447.png Graphic file (type bmp)
<images/image447.png>


[1167]
File: images/image448.png Graphic file (type bmp)
<images/image448.png>


[1168]
File: images/image449.png Graphic file (type bmp)
<images/image449.png>


[1169]

[1170]
File: images/image450.png Graphic file (type bmp)
<images/image450.png>

Overfull \hbox (20.5249pt too wide) in paragraph at lines 11094--11097
\TU/KaiTi(0)/m/n/12 考 虑 由 直 线 $\OML/cmm/m/it/12 Ab; aC; Bc$ \TU/KaiTi(0)/m/n/12
 围 成 的 三 角 形 $\OML/cmm/m/it/12 UVW$\TU/KaiTi(0)/m/n/12 ，|  如 图 所 示。|  有 五 条 截 线
：| $\OML/cmm/m/it/12 ALc; CMb; aNB; CBA; abc$\TU/KaiTi(0)/m/n/12 。|
 []

File: images/image451.png Graphic file (type bmp)
<images/image451.png>


[1171]
File: images/image452.png Graphic file (type bmp)
<images/image452.png>


[1172]
File: images/image453.png Graphic file (type bmp)
<images/image453.png>


[1173]
File: images/image454.png Graphic file (type bmp)
<images/image454.png>


[1174]
File: images/image455.png Graphic file (type bmp)
<images/image455.png>


[1175]
File: images/image456.png Graphic file (type bmp)
<images/image456.png>


[1176]

[1177]
File: images/image457.png Graphic file (type bmp)
<images/image457.png>


[1178]
File: images/image458.png Graphic file (type bmp)
<images/image458.png>


[1179]
File: images/image459.png Graphic file (type bmp)
<images/image459.png>


[1180]

[1181]
(C:\Users\DHLee\AppData\Local\Programs\MiKTeX\tex/generic/pgfornament/vectorian
\vectorian88.pgf)
File: images/image478.png Graphic file (type bmp)
<images/image478.png>
File: images/image479.png Graphic file (type bmp)
<images/image479.png>


[1182]
File: images/image480.png Graphic file (type bmp)
<images/image480.png>


[1183]
File: images/image481.png Graphic file (type bmp)
<images/image481.png>


[1184]
File: images/image482.png Graphic file (type bmp)
<images/image482.png>
File: images/image483.png Graphic file (type bmp)
<images/image483.png>


[1185]
File: images/image484.png Graphic file (type bmp)
<images/image484.png>


[1186]
File: images/image485.png Graphic file (type bmp)
<images/image485.png>


[1187]
File: images/image486.png Graphic file (type bmp)
<images/image486.png>


[1188]
File: images/image487.png Graphic file (type bmp)
<images/image487.png>


[1189]
File: images/image488.png Graphic file (type bmp)
<images/image488.png>
File: images/image489.png Graphic file (type bmp)
<images/image489.png>


[1190]

[1191]
File: images/image490.png Graphic file (type bmp)
<images/image490.png>
File: images/image491.png Graphic file (type bmp)
<images/image491.png>


[1192]
File: images/image492.png Graphic file (type bmp)
<images/image492.png>


[1193]
File: images/image493.png Graphic file (type bmp)
<images/image493.png>


[1194]
File: images/image494.png Graphic file (type bmp)
<images/image494.png>


[1195]

[1196]

[1197]

[1198]

[1199]
File: images/image402.png Graphic file (type bmp)
<images/image402.png>


[1200]
File: images/image401.png Graphic file (type bmp)
<images/image401.png>


[1201]
File: images/image398.png Graphic file (type bmp)
<images/image398.png>


[1202]

[1203]
(C:\Users\DHLee\AppData\Local\Programs\MiKTeX\tex/generic/pgfornament/vectorian
\vectorian88.pgf)

[1204]

[1205]

[1206]

[1207]
File: images/image172.png Graphic file (type bmp)
<images/image172.png>


[1208]

[1209]

[1210]
Missing character: There is no 。 in font [lmroman12-regular]:mapping=tex-text;!
Missing character: There is no 。 in font [lmroman12-regular]:mapping=tex-text;!


[1211]
Missing character: There is no 。 in font [lmroman12-regular]:mapping=tex-text;!
File: images/image187.png Graphic file (type bmp)
<images/image187.png>


[1212]

[1213]
File: images/image184.png Graphic file (type bmp)
<images/image184.png>
File: images/image185.png Graphic file (type bmp)
<images/image185.png>


[1214]
File: images/image161.png Graphic file (type bmp)
<images/image161.png>

Overfull \hbox (15.83253pt too wide) in paragraph at lines 12671--12676
[]\TU/KaiTi(0)/m/n/12 矩 形 $\OML/cmm/m/it/12 ABCD$ \TU/KaiTi(0)/m/n/12 的 顶 点 为 $
\OML/cmm/m/it/12 A\OT1/cmr/m/n/12 (0\OML/cmm/m/it/12 ; \OT1/cmr/m/n/12 0)\OML/c
mm/m/it/12 ; B\OT1/cmr/m/n/12 (0\OML/cmm/m/it/12 ; \OT1/cmr/m/n/12 12)\OML/cmm/
m/it/12 ; C\OT1/cmr/m/n/12 (6\OML/cmm/m/it/12 ; \OT1/cmr/m/n/12 12)\OML/cmm/m/i
t/12 ; D\OT1/cmr/m/n/12 (6\OML/cmm/m/it/12 ; \OT1/cmr/m/n/12 0)$\TU/KaiTi(0)/m/
n/12 。|  一 直 线 经 过 点 $\OML/cmm/m/it/12 U\OT1/cmr/m/n/12 (0\OML/cmm/m/it/12 ; u\
OT1/cmr/m/n/12 )\OML/cmm/m/it/12 ; V\OT1/cmr/m/n/12 (2\OML/cmm/m/it/12 ; \OT1/c
mr/m/n/12 4)\OML/cmm/m/it/12 ; W\OT1/cmr/m/n/12 (6\OML/cmm/m/it/12 ; w\OT1/cmr/
m/n/12 )$\TU/lmr/m/n/12 ,
 []



[1215]
File: images/image169.png Graphic file (type bmp)
<images/image169.png>


[1216]

[1217]

[1218]
File: images/image62.png Graphic file (type bmp)
<images/image62.png>


[1219]

[1220]
File: images/image38.png Graphic file (type bmp)
<images/image38.png>


[1221]

[1222]

[1223]

[1224]

[1225]

[1226]

[1227]

[1228]

[1229]

[1230]

[1231]

[1232]

[1233]

[1234]
Overfull \hbox (17.69661pt too wide) in paragraph at lines 13569--13575
[] \OT1/cmr/m/n/12 = [] = 9[] \OMS/cmsy/m/n/12 ^^Y \OT1/cmr/m/n/12 12\OML/cmm/m
/it/12 :\OT1/cmr/m/n/12 7$ $\OML/cmm/m/it/12 a \OT1/cmr/m/n/12 = \OML/cmm/m/it/
12 BC \OT1/cmr/m/n/12 = [] =
 []



[1235]
Overfull \hbox (32.03008pt too wide) detected at line 13653
\OML/cmm/m/it/12 y[] \OT1/cmr/m/n/12 = [] = [] = [] = []
 []


Overfull \hbox (57.80597pt too wide) detected at line 13661
\OML/cmm/m/it/12 x[] \OT1/cmr/m/n/12 = [] = [] = [] = [] = [] = 10 + [][]
 []


Overfull \hbox (51.17766pt too wide) detected at line 13664
\OML/cmm/m/it/12 y[] \OT1/cmr/m/n/12 = [] = [] = [] = [] = [] = 5 + [][]
 []



[1236]

[1237]
File: images/image24.png Graphic file (type bmp)
<images/image24.png>


[1238]

[1239]

[1240]
File: images/image21.png Graphic file (type bmp)
<images/image21.png>


[1241]

[1242]

[1243]

[1244]

[1245]
File: images/image55.png Graphic file (type bmp)
<images/image55.png>


[1246]

[1247]

[1248]

[1249]
Overfull \hbox (5.14659pt too wide) in paragraph at lines 14222--14224
\TU/KaiTi(0)/m/n/12 对 于 点 $\OML/cmm/m/it/12 P\OT1/cmr/m/n/12 (5\OML/cmm/m/it/12
 ; \OT1/cmr/m/n/12 2)$\TU/KaiTi(0)/m/n/12 ，| $\OT1/cmr/m/n/12 5 + 3(2) = 11 \OM
L/cmm/m/it/12 > \OT1/cmr/m/n/12 10$\TU/KaiTi(0)/m/n/12 ，|  故 $\OML/cmm/m/it/12 
P \OMS/cmsy/m/n/12 2 \OML/cmm/m/it/12 D[]$\TU/KaiTi(0)/m/n/12 。|  此 时 $\OML/cmm
/m/it/12 d\OT1/cmr/m/n/12 (\OML/cmm/m/it/12 P\OT1/cmr/m/n/12 ) = \OML/cmm/m/it/
12 AP \OT1/cmr/m/n/12 = [] =
 []

File: images/image264.png Graphic file (type bmp)
<images/image264.png>


[1250]

[1251]
(C:\Users\DHLee\AppData\Local\Programs\MiKTeX\tex/generic/pgfornament/vectorian
\vectorian88.pgf)

[1252]

[1253]

[1254]
Missing character: There is no 、 in font [lmroman12-regular]:mapping=tex-text;!


[1255]
File: images/image227.png Graphic file (type bmp)
<images/image227.png>


[1256]

[1257]

[1258]

[1259]

[1260]

[1261]

[1262]
Underfull \vbox (badness 2005) detected at line 14827
 []



[1263]
File: images/image46.png Graphic file (type bmp)
<images/image46.png>


[1264]
File: images/image52.png Graphic file (type bmp)
<images/image52.png>


[1265]
File: images/image106.jpg Graphic file (type bmp)
<images/image106.jpg>


[1266]

[1267]

[1268]

[1269]

[1270]

[1271]

[1272]
File: images/image290.png Graphic file (type bmp)
<images/image290.png>


[1273]
File: images/image15.png Graphic file (type bmp)
<images/image15.png>


[1274]

[1275]

[1276]

[1277]

[1278]

[1279]

[1280]

[1281]

[1282]

[1283]

[1284]

[1285]

[1286]

[1287]

[1288]

[1289]

[1290]

[1291]

[1292]

[1293]
Overfull \vbox (67.94167pt too high) detected at line 16100
 []



[1294]

[1295]

[1296]

[1297]

[1298]

[1299]

[1300]
File: images/image353.png Graphic file (type bmp)
<images/image353.png>

Overfull \hbox (12.29843pt too wide) detected at line 16373
\OML/cmm/m/it/12 S[] \OT1/cmr/m/n/12 + \OML/cmm/m/it/12 S[] \OT1/cmr/m/n/12 = [
] [] [] = [] [] = [][]
 []



[1301]

[1302]

[1303]

[1304]

[1305]

[1306]

[1307]

[1308]

[1309]

[1310]

[1311]

[1312]

[1313]

[1314]

[1315]

[1316]
File: images/image16.png Graphic file (type bmp)
<images/image16.png>
File: images/image17.png Graphic file (type bmp)
<images/image17.png>


[1317]

[1318]

[1319]

[1320]

[1321]

[1322]

[1323]

[1324]

[1325]

[1326]

[1327]
File: images/image107.jpg Graphic file (type bmp)
<images/image107.jpg>


[1328]
Overfull \hbox (4.34778pt too wide) detected at line 17613
[] \U/msa/m/n/12 \\OML/cmm/m/it/12 B[]PB[] \OT1/cmr/m/n/12 = [] = [] = [] = [] 
= []
 []



[1329]

[1330]
File: images/image304.png Graphic file (type bmp)
<images/image304.png>

Overfull \vbox (1.56306pt too high) detected at line 17677
 []



[1331]

[1332]

[1333]

[1334]

[1335]
File: images/image117.jpg Graphic file (type bmp)
<images/image117.jpg>


[1336]
File: images/image50.png Graphic file (type bmp)
<images/image50.png>


[1337]

[1338]

[1339]

[1340]

[1341]

[1342]

[1343]
Underfull \vbox (badness 1371) detected at line 18219
 []



[1344]

[1345]
Underfull \vbox (badness 1077) detected at line 18338
 []



[1346]

[1347]

[1348]

[1349]

[1350]

[1351]

[1352]

[1353]
File: images/image279.png Graphic file (type bmp)
<images/image279.png>


[1354]

[1355]

[1356]

[1357]

[1358]
File: images/image351.png Graphic file (type bmp)
<images/image351.png>


[1359]

[1360]
(C:\Users\DHLee\AppData\Local\Programs\MiKTeX\tex/generic/pgfornament/vectorian
\vectorian88.pgf)

[1361]

[1362]

[1363]
File: images/image103.jpg Graphic file (type bmp)
<images/image103.jpg>


[1364]

[1365]

[1366]

[1367]
(C:\Users\DHLee\AppData\Local\Programs\MiKTeX\tex/generic/pgfornament/vectorian
\vectorian88.pgf)
File: images/image65.png Graphic file (type bmp)
<images/image65.png>


[1368]

[1369]
Overfull \vbox (3.95241pt too high) detected at line 19379
 []



[1370]

[1371]

[1372]

[1373]

[1374]

[1375]

[1376]
Missing character: There is no 。 in font [lmroman12-regular]:mapping=tex-text;!
Missing character: There is no 。 in font [lmroman12-regular]:mapping=tex-text;!
File: images/image27.png Graphic file (type bmp)
<images/image27.png>


[1377]

[1378]
File: images/image41.png Graphic file (type bmp)
<images/image41.png>


[1379]

[1380]

[1381]
File: images/image188.png Graphic file (type bmp)
<images/image188.png>


[1382]
File: images/image189.png Graphic file (type bmp)
<images/image189.png>


[1383]
File: images/image235.png Graphic file (type bmp)
<images/image235.png>


[1384]

[1385]

[1386]

[1387]

[1388]

[1389]

[1390]

[1391]
Missing character: There is no 。 in font [lmroman12-regular]:mapping=tex-text;!


[1392]

[1393]

[1394]
Underfull \vbox (badness 5893) detected at line 20518
 []



[1395]
File: images/image371.png Graphic file (type bmp)
<images/image371.png>


[1396]

[1397]
Overfull \hbox (53.14395pt too wide) detected at line 20581
\OML/cmm/m/it/12 y \OT1/cmr/m/n/12 = [] [] = []([] [] \OML/cmm/m/it/12 t \OMS/c
msy/m/n/12 ^^@ [] \OML/cmm/m/it/12 t\OT1/cmr/m/n/12 ) = [] [] [] = \OMS/cmsy/m/
n/12 ^^@[] [] []
 []



[1398]

[1399]

[1400]
File: images/image237.png Graphic file (type bmp)
<images/image237.png>


[1401]
File: images/image238.png Graphic file (type bmp)
<images/image238.png>


[1402]
File: images/image239.png Graphic file (type bmp)
<images/image239.png>


[1403]
Overfull \vbox (0.73549pt too high) detected at line 20869
 []



[1404]
File: images/image236.png Graphic file (type bmp)
<images/image236.png>

Underfull \vbox (badness 10000) detected at line 20904
 []



[1405]

[1406]
File: images/image280.png Graphic file (type bmp)
<images/image280.png>
File: images/image281.png Graphic file (type bmp)
<images/image281.png>


[1407]

[1408]

[1409]
File: images/image308.png Graphic file (type bmp)
<images/image308.png>


[1410]

[1411]
File: images/image352.png Graphic file (type bmp)
<images/image352.png>


[1412]

[1413]
File: images/image384.png Graphic file (type bmp)
<images/image384.png>


[1414]

[1415]

[1416]
(C:\Users\DHLee\AppData\Local\Programs\MiKTeX\tex/generic/pgfornament/vectorian
\vectorian88.pgf)

[1417]

[1418]

[1419]
File: images/image240.png Graphic file (type bmp)
<images/image240.png>


[1420]

[1421]

[1422]
File: images/image243.png Graphic file (type bmp)
<images/image243.png>


[1423]
File: images/image230.png Graphic file (type bmp)
<images/image230.png>


[1424]

[1425]
File: images/image233.png Graphic file (type bmp)
<images/image233.png>


[1426]
File: images/image234.png Graphic file (type bmp)
<images/image234.png>


[1427]
File: images/image242.png Graphic file (type bmp)
<images/image242.png>


[1428]
Overfull \hbox (4.62827pt too wide) detected at line 21814
[] [][] []  \OML/cmm/m/it/12 d^^R \OT1/cmr/m/n/12 = [] [][] = [] [] \OMS/cmsy/m
/n/12 ^^@ []\OML/cmm/m/it/12 ^^K \OT1/cmr/m/n/12 = [] \OMS/cmsy/m/n/12 ^^@ [] [
]
 []

File: images/image241.png Graphic file (type bmp)
<images/image241.png>


[1429]

[1430]

[1431]

[1432]

[1433]
(C:\Users\DHLee\AppData\Local\Programs\MiKTeX\tex/generic/pgfornament/vectorian
\vectorian88.pgf)

[1434]

[1435]

[1436]
File: images/image32.png Graphic file (type bmp)
<images/image32.png>


[1437]
File: images/image53.png Graphic file (type bmp)
<images/image53.png>


[1438]

[1439]

[1440]
File: images/image45.png Graphic file (type bmp)
<images/image45.png>


[1441]

[1442]
File: images/image228.png Graphic file (type bmp)
<images/image228.png>


[1443]

[1444]
Overfull \vbox (6.27454pt too high) detected at line 22540
 []



[1445]

[1446]

[1447]

[1448]

[1449]

[1450]

[1451]

[1452]

[1453]

[1454]
Overfull \vbox (4.54692pt too high) detected at line 23030
 []



[1455]

[1456]

[1457]

[1458]

[1459]

[1460]

[1461]
File: images/image254.png Graphic file (type bmp)
<images/image254.png>


[1462]

[1463]

[1464]
Overfull \vbox (1.53139pt too high) detected at line 23524
 []



[1465]

[1466]
File: images/image261.png Graphic file (type bmp)
<images/image261.png>


[1467]
File: images/image262.png Graphic file (type bmp)
<images/image262.png>


[1468]

[1469]
Underfull \vbox (badness 2310) detected at line 23713
 []



[1470]

[1471]

[1472]

[1473]
(C:\Users\DHLee\AppData\Local\Programs\MiKTeX\tex/generic/pgfornament/vectorian
\vectorian88.pgf)
File: images/image176.png Graphic file (type bmp)
<images/image176.png>


[1474]
File: images/image195.png Graphic file (type bmp)
<images/image195.png>


[1475]
File: images/image144.png Graphic file (type bmp)
<images/image144.png>


[1476]
File: images/image212.png Graphic file (type bmp)
<images/image212.png>
File: images/image213.png Graphic file (type bmp)
<images/image213.png>


[1477]
File: images/image203.png Graphic file (type bmp)
<images/image203.png>
File: images/image204.png Graphic file (type bmp)
<images/image204.png>


[1478]

[1479]

[1480]
File: images/image205.png Graphic file (type bmp)
<images/image205.png>
File: images/image206.png Graphic file (type bmp)
<images/image206.png>
File: images/image207.png Graphic file (type bmp)
<images/image207.png>
File: images/image208.png Graphic file (type bmp)
<images/image208.png>


[1481]
File: images/image180.png Graphic file (type bmp)
<images/image180.png>
File: images/image181.png Graphic file (type bmp)
<images/image181.png>
File: images/image182.png Graphic file (type bmp)
<images/image182.png>


[1482]
File: images/image182.png Graphic file (type bmp)
<images/image182.png>
File: images/image183.png Graphic file (type bmp)
<images/image183.png>


[1483]
File: images/image209.png Graphic file (type bmp)
<images/image209.png>
File: images/image210.png Graphic file (type bmp)
<images/image210.png>
File: images/image211.png Graphic file (type bmp)
<images/image211.png>


[1484]

[1485]
File: images/image220.png Graphic file (type bmp)
<images/image220.png>


[1486]
File: images/image221.png Graphic file (type bmp)
<images/image221.png>
File: images/image222.png Graphic file (type bmp)
<images/image222.png>
File: images/image223.png Graphic file (type bmp)
<images/image223.png>


[1487]
File: images/image215.png Graphic file (type bmp)
<images/image215.png>
File: images/image216.png Graphic file (type bmp)
<images/image216.png>
File: images/image217.png Graphic file (type bmp)
<images/image217.png>
File: images/image218.png Graphic file (type bmp)
<images/image218.png>
File: images/image219.png Graphic file (type bmp)
<images/image219.png>


[1488]

[1489]
File: images/image177.png Graphic file (type bmp)
<images/image177.png>


[1490]
File: images/image163.png Graphic file (type bmp)
<images/image163.png>
File: images/image164.png Graphic file (type bmp)
<images/image164.png>


[1491]
File: images/image168.png Graphic file (type bmp)
<images/image168.png>


[1492]
File: images/image167.png Graphic file (type bmp)
<images/image167.png>


[1493]
File: images/image111.png Graphic file (type bmp)
<images/image111.png>
File: images/image112.jpg Graphic file (type bmp)
<images/image112.jpg>


[1494]
File: images/image113.jpg Graphic file (type bmp)
<images/image113.jpg>


[1495]

[1496]

[1497]

[1498]
File: images/image58.png Graphic file (type bmp)
<images/image58.png>


[1499]

[1500]
File: images/image20.png Graphic file (type bmp)
<images/image20.png>


[1501]
File: images/image22.png Graphic file (type bmp)
<images/image22.png>


[1502]

[1503]
File: images/image28.png Graphic file (type bmp)
<images/image28.png>


[1504]

[1505]
File: images/image18.png Graphic file (type bmp)
<images/image18.png>


[1506]
Overfull \hbox (31.75859pt too wide) in paragraph at lines 24975--24976
\TU/KaiTi(0)/m/n/12 设 正 方 体 $\OML/cmm/m/it/12 ABCD \OMS/cmsy/m/n/12 ^^@ \OML/cm
m/m/it/12 A[]B[]C[]D[]$ \TU/KaiTi(0)/m/n/12 的 边 长 为 $\OML/cmm/m/it/12 a$\TU/lmr
/m/n/12 , \TU/KaiTi(0)/m/n/12 建 立 坐 标 系\TU/lmr/m/n/12 , \TU/KaiTi(0)/m/n/12 使 $
\OML/cmm/m/it/12 D\OT1/cmr/m/n/12 (0\OML/cmm/m/it/12 ; \OT1/cmr/m/n/12 0\OML/cm
m/m/it/12 ; \OT1/cmr/m/n/12 0)$\TU/lmr/m/n/12 ,$\OML/cmm/m/it/12 A\OT1/cmr/m/n/
12 (\OML/cmm/m/it/12 a; \OT1/cmr/m/n/12 0\OML/cmm/m/it/12 ; \OT1/cmr/m/n/12 0)$
\TU/lmr/m/n/12 ,$\OML/cmm/m/it/12 C\OT1/cmr/m/n/12 (0\OML/cmm/m/it/12 ; a; \OT1
/cmr/m/n/12 0)$\TU/lmr/m/n/12 ,$\OML/cmm/m/it/12 D[]\OT1/cmr/m/n/12 (0\OML/cmm/
m/it/12 ; \OT1/cmr/m/n/12 0\OML/cmm/m/it/12 ; a\OT1/cmr/m/n/12 )$\TU/KaiTi(0)/m
/n/12 。|
 []



[1507]

[1508]
File: images/image101.jpg Graphic file (type bmp)
<images/image101.jpg>


[1509]
File: images/image6.png Graphic file (type bmp)
<images/image6.png>


[1510]
File: images/image11.png Graphic file (type bmp)
<images/image11.png>
File: images/image12.png Graphic file (type bmp)
<images/image12.png>


[1511]

[1512]

[1513]

[1514]

[1515]

[1516]

[1517]

[1518]

[1519]

[1520]

[1521]

[1522]

[1523]

[1524]

[1525]

[1526]

[1527]
File: images/image49.png Graphic file (type bmp)
<images/image49.png>


[1528]
File: images/image84.png Graphic file (type bmp)
<images/image84.png>


[1529]
File: images/image64.png Graphic file (type bmp)
<images/image64.png>


[1530]

[1531]

[1532]
File: images/image10.png Graphic file (type bmp)
<images/image10.png>


[1533]
File: images/image81.png Graphic file (type bmp)
<images/image81.png>


[1534]
Overfull \vbox (26.36594pt too high) detected at line 26277
 []



[1535]
File: images/image229.png Graphic file (type bmp)
<images/image229.png>


[1536]

[1537]

[1538]

[1539]

[1540]

[1541]

[1542]
Overfull \hbox (27.18736pt too wide) in paragraph at lines 26580--26583
\TU/KaiTi(0)/m/n/12 设 包 含 圆 $\OML/cmm/m/it/12 C$ \TU/KaiTi(0)/m/n/12 且 半 径 为 $[
]$ 的 球 面 中 心 为 $\OML/cmm/m/it/12 D$\TU/KaiTi(0)/m/n/12 。| $\OML/cmm/m/it/12 D$ 
\TU/KaiTi(0)/m/n/12 到 圆 心 $\OML/cmm/m/it/12 H$ \TU/KaiTi(0)/m/n/12 的 距 离 为 $\OM
L/cmm/m/it/12 DH \OT1/cmr/m/n/12 = [] =
 []



[1543]

[1544]
File: images/image257.png Graphic file (type bmp)
<images/image257.png>


[1545]
File: images/image258.png Graphic file (type bmp)
<images/image258.png>

Overfull \vbox (5.25641pt too high) detected at line 26726
 []



[1546]

[1547]
File: images/image259.png Graphic file (type bmp)
<images/image259.png>


[1548]

[1549]
File: images/image260.png Graphic file (type bmp)
<images/image260.png>


[1550]

[1551]

[1552]
File: images/image263.png Graphic file (type bmp)
<images/image263.png>


[1553]

[1554]

[1555]

[1556]
File: images/image265.png Graphic file (type bmp)
<images/image265.png>


[1557]
File: images/image266.png Graphic file (type bmp)
<images/image266.png>


[1558]
Overfull \vbox (6.1509pt too high) detected at line 27136
 []

File: images/image267.png Graphic file (type bmp)
<images/image267.png>


[1559]
File: images/image268.png Graphic file (type bmp)
<images/image268.png>
File: images/image269.png Graphic file (type bmp)
<images/image269.png>


[1560]

[1561]

[1562]
File: images/image270.png Graphic file (type bmp)
<images/image270.png>


[1563]

[1564]

[1565]

[1566]

[1567]
File: images/image271.png Graphic file (type bmp)
<images/image271.png>
File: images/image274.png Graphic file (type bmp)
<images/image274.png>


[1568]
File: images/image275.png Graphic file (type bmp)
<images/image275.png>


[1569]

[1570]
File: images/image276.png Graphic file (type bmp)
<images/image276.png>


[1571]
File: images/image383.png Graphic file (type bmp)
<images/image383.png>


[1572]

[1573])

[1574]
\openout2 = `微积分.aux'.

 (微积分.tex (pageborder.tex
(C:\Users\DHLee\AppData\Local\Programs\MiKTeX\tex/generic/pgfornament/vectorian
\vectorian61.pgf)
(C:\Users\DHLee\AppData\Local\Programs\MiKTeX\tex/generic/pgfornament/vectorian
\vectorian61.pgf)
(C:\Users\DHLee\AppData\Local\Programs\MiKTeX\tex/generic/pgfornament/vectorian
\vectorian61.pgf)
(C:\Users\DHLee\AppData\Local\Programs\MiKTeX\tex/generic/pgfornament/vectorian
\vectorian61.pgf)
(C:\Users\DHLee\AppData\Local\Programs\MiKTeX\tex/generic/pgfornament/vectorian
\vectorian87.pgf)
(C:\Users\DHLee\AppData\Local\Programs\MiKTeX\tex/generic/pgfornament/vectorian
\vectorian87.pgf)
(C:\Users\DHLee\AppData\Local\Programs\MiKTeX\tex/generic/pgfornament/vectorian
\vectorian87.pgf)
(C:\Users\DHLee\AppData\Local\Programs\MiKTeX\tex/generic/pgfornament/vectorian
\vectorian87.pgf)
(C:\Users\DHLee\AppData\Local\Programs\MiKTeX\tex/generic/pgfornament/vectorian
\vectorian87.pgf)
(C:\Users\DHLee\AppData\Local\Programs\MiKTeX\tex/generic/pgfornament/vectorian
\vectorian87.pgf)
(C:\Users\DHLee\AppData\Local\Programs\MiKTeX\tex/generic/pgfornament/vectorian
\vectorian87.pgf)
(C:\Users\DHLee\AppData\Local\Programs\MiKTeX\tex/generic/pgfornament/vectorian
\vectorian87.pgf)
(C:\Users\DHLee\AppData\Local\Programs\MiKTeX\tex/generic/pgfornament/vectorian
\vectorian87.pgf)
(C:\Users\DHLee\AppData\Local\Programs\MiKTeX\tex/generic/pgfornament/vectorian
\vectorian87.pgf))

[1575



]
(C:\Users\DHLee\AppData\Local\Programs\MiKTeX\tex/generic/pgfornament/vectorian
\vectorian88.pgf)

[1576]

[1577]
Underfull \vbox (badness 1910) detected at line 146
 []



[1578]

[1579]

[1580]

[1581]

[1582]

[1583]

[1584]

[1585]

[1586]

[1587]

[1588]

[1589]

[1590]

[1591]

[1592]

[1593]

[1594]

[1595]

[1596]

[1597]
Overfull \hbox (15.5443pt too wide) detected at line 1062
[]
 []



[1598]

[1599]

[1600]

[1601]

[1602]

[1603]

[1604]

[1605]

[1606]
Overfull \vbox (0.27345pt too high) detected at line 1480
 []



[1607]

[1608]

[1609]

[1610]

[1611]

[1612]
Overfull \hbox (27.21495pt too wide) in paragraph at lines 1721--1723
\TU/KaiTi(0)/m/n/12 设 点 $\OT1/cmr/m/n/12 (\OML/cmm/m/it/12 n; \OT1/cmr/m/n/12 0
)$ \TU/KaiTi(0)/m/n/12 点 与 $[]$ 连 线 上 的 格 子 点 坐 标 为 $\OT1/cmr/m/n/12 (\OML/cmm/
m/it/12 n; l\OT1/cmr/m/n/12 )$\TU/KaiTi(0)/m/n/12 。|  由 $\OML/cmm/m/it/12 l \OT
1/cmr/m/n/12 = 0\OML/cmm/m/it/12 ; \OT1/cmr/m/n/12 1\OML/cmm/m/it/12 ; \OT1/cmr
/m/n/12 2\OML/cmm/m/it/12 ; []  ; []$\TU/KaiTi(0)/m/n/12 ，|
 []



[1613]
Underfull \vbox (badness 1248) detected at line 1817
 []



[1614]

[1615]
Overfull \hbox (0.23038pt too wide) in paragraph at lines 1862--1868
\TU/KaiTi(0)/m/n/12 设 $\OML/cmm/m/it/12 J\OT1/cmr/m/n/12 (\OML/cmm/m/it/12 n\OT
1/cmr/m/n/12 ) = [] [][]$\TU/KaiTi(0)/m/n/12 ，|  则 $[] \OML/cmm/m/it/12 J\OT1/c
mr/m/n/12 (\OML/cmm/m/it/12 n\OT1/cmr/m/n/12 ) = [] [] \OMS/cmsy/m/n/12 ^^@ [] 
[] [] [] \OT1/cmr/m/n/12 (5)$\TU/KaiTi(0)/m/n/12 。|  其 中 $[] \OMS/cmsy/m/n/12 ^
^Y
 []



[1616]
Overfull \vbox (6.27708pt too high) detected at line 1965
 []



[1617]
Overfull \hbox (2.54257pt too wide) in paragraph at lines 2005--2008
\TU/KaiTi(0)/m/n/12 因 此，| $[]\OML/cmm/m/it/12 x[] \U/msa/m/n/12 6 \OT1/cmr/m/n/
12 (\OMS/cmsy/m/n/12 ^^@\OT1/cmr/m/n/12 1)[]\OML/cmm/m/it/12 F\OT1/cmr/m/n/12 (
\OML/cmm/m/it/12 x\OT1/cmr/m/n/12 ) \U/msa/m/n/12 6 \OML/cmm/m/it/12 x[] \OMS/c
msy/m/n/12 ^^@ []\OML/cmm/m/it/12 x[]$ \TU/KaiTi(0)/m/n/12 成 立。|  即 $[]\OML/cmm
/m/it/12 x[] \U/msa/m/n/12 6 \OT1/cmr/m/n/12 (\OMS/cmsy/m/n/12 ^^@\OT1/cmr/m/n/
12 1)[] [] \U/msa/m/n/12 6
 []



[1618]

[1619]
(C:\Users\DHLee\AppData\Local\Programs\MiKTeX\tex/generic/pgfornament/vectorian
\vectorian88.pgf)

[1620]
Underfull \vbox (badness 10000) detected at line 2130
 []



[1621]

[1622]

[1623]

[1624]

[1625]

[1626]

[1627]

[1628]

[1629]

[1630]

[1631]

[1632]

[1633]

[1634]

[1635]

[1636]

[1637]

[1638]
Overfull \hbox (15.99518pt too wide) in paragraph at lines 3002--3009
\TU/lmr/m/n/12 1. \TU/KaiTi(0)/m/n/12 求 导 寻 找 临 界 点：| $\OML/cmm/m/it/12 f[]\OT1
/cmr/m/n/12 (\OML/cmm/m/it/12 x\OT1/cmr/m/n/12 ) = 12 [][] \OML/cmm/m/it/12 x\O
T1/cmr/m/n/12 (\OMS/cmsy/m/n/12 ^^@ [] \OML/cmm/m/it/12 x\OT1/cmr/m/n/12 ) + 6[
] [] \OML/cmm/m/it/12 x\OT1/cmr/m/n/12 (\OMS/cmsy/m/n/12 ^^@ [] \OML/cmm/m/it/1
2 x\OT1/cmr/m/n/12 )$ $\OML/cmm/m/it/12 f[]\OT1/cmr/m/n/12 (\OML/cmm/m/it/12 x\
OT1/cmr/m/n/12 ) = \OMS/cmsy/m/n/12 ^^@\OT1/cmr/m/n/12 6 [] \OML/cmm/m/it/12 x 
[] x\OT1/cmr/m/n/12 (2 [] \OML/cmm/m/it/12 x \OT1/cmr/m/n/12 +
 []



[1639]

[1640]

[1641]

[1642]

[1643]

[1644]

[1645]

[1646]

[1647]

[1648]

[1649]

[1650]

[1651]

[1652]

[1653]

[1654]

[1655]

[1656]
Overfull \hbox (22.23415pt too wide) detected at line 3877
\OML/cmm/m/it/12 A\OT1/cmr/m/n/12 (\OML/cmm/m/it/12 s\OT1/cmr/m/n/12 ) = [][] \
OMS/cmsy/m/n/12 ^^@\OT1/cmr/m/n/12 (\OML/cmm/m/it/12 x \OMS/cmsy/m/n/12 ^^@ \OT
1/cmr/m/n/12 1)(\OML/cmm/m/it/12 x \OT1/cmr/m/n/12 + \OML/cmm/m/it/12 s\OT1/cmr
/m/n/12 )\OML/cmm/m/it/12 dx \OT1/cmr/m/n/12 + 2 [][] \OMS/cmsy/m/n/12 ^^@\OT1/
cmr/m/n/12 (\OML/cmm/m/it/12 x \OMS/cmsy/m/n/12 ^^@ \OT1/cmr/m/n/12 1)(\OML/cmm
/m/it/12 x \OMS/cmsy/m/n/12 ^^@ \OML/cmm/m/it/12 s\OT1/cmr/m/n/12 )\OML/cmm/m/i
t/12 dx \OMS/cmsy/m/n/12 ^^@ [][]f^^@\OT1/cmr/m/n/12 (\OML/cmm/m/it/12 x \OMS/c
msy/m/n/12 ^^@ \OT1/cmr/m/n/12 1)(\OML/cmm/m/it/12 x \OMS/cmsy/m/n/12 ^^@ \OML/
cmm/m/it/12 s\OT1/cmr/m/n/12 ) \OMS/cmsy/m/n/12 ^^@ \OT1/cmr/m/n/12 (\OML/cmm/m
/it/12 x \OMS/cmsy/m/n/12 ^^@ \OT1/cmr/m/n/12 1)(\OML/cmm/m/it/12 x \OT1/cmr/m/
n/12 + \OML/cmm/m/it/12 s\OT1/cmr/m/n/12 )\OMS/cmsy/m/n/12 g\OML/cmm/m/it/12 dx
 []
 []



[1657]

[1658]

[1659]

[1660]

[1661]

[1662]

[1663]

[1664]

[1665]

[1666]

[1667]

[1668]

[1669]

[1670]

[1671]

[1672]

[1673]

[1674]

[1675]

[1676]

[1677]

[1678]
File: images/image305.png Graphic file (type bmp)
<images/image305.png>


[1679]

[1680]

[1681]

[1682]
Overfull \hbox (38.7563pt too wide) in paragraph at lines 5099--5106
$[][] \OML/cmm/m/it/12 f\OT1/cmr/m/n/12 (\OML/cmm/m/it/12 x\OT1/cmr/m/n/12 ) = 
[][]\OMS/cmsy/m/n/12 f\OML/cmm/m/it/12 x \OMS/cmsy/m/n/12 ^^@ []\OT1/cmr/m/n/12
 (1 + \OML/cmm/m/it/12 x\OT1/cmr/m/n/12 )\OMS/cmsy/m/n/12 g \OT1/cmr/m/n/12 = \
OMS/cmsy/m/n/12 1$ $[][] \OML/cmm/m/it/12 f\OT1/cmr/m/n/12 (\OML/cmm/m/it/12 x\
OT1/cmr/m/n/12 ) = [][] \OML/cmm/m/it/12 x [] \OT1/cmr/m/n/12 =
 []

File: images/image306.png Graphic file (type bmp)
<images/image306.png>
File: images/image307.png Graphic file (type bmp)
<images/image307.png>


[1683]

[1684]
Underfull \vbox (badness 10000) detected at line 5197
 []



[1685]

[1686]

[1687]

[1688]

[1689]
File: images/image339.png Graphic file (type bmp)
<images/image339.png>


[1690]

[1691]
File: images/image354.png Graphic file (type bmp)
<images/image354.png>


[1692]

[1693]
File: images/image355.png Graphic file (type bmp)
<images/image355.png>


[1694]

[1695]

[1696]

[1697]

[1698]
File: images/image372.png Graphic file (type bmp)
<images/image372.png>


[1699]
Overfull \hbox (45.61305pt too wide) detected at line 5864
\OML/cmm/m/it/12 h[]\OT1/cmr/m/n/12 (\OML/cmm/m/it/12 x\OT1/cmr/m/n/12 ) = [] \
OMS/cmsy/m/n/12 ^^@ [] \OT1/cmr/m/n/12 = [] \OMS/cmsy/m/n/12 ^^@ [] \OT1/cmr/m/
n/12 = [] \U/msa/m/n/12 > \OT1/cmr/m/n/12 0
 []



[1700]
File: images/image373.png Graphic file (type bmp)
<images/image373.png>


[1701]

[1702]
File: images/image385.png Graphic file (type bmp)
<images/image385.png>


[1703]

[1704]

[1705]
File: images/image386.png Graphic file (type bmp)
<images/image386.png>

Underfull \vbox (badness 3965) detected at line 6122
 []



[1706]

[1707]

[1708]
(C:\Users\DHLee\AppData\Local\Programs\MiKTeX\tex/generic/pgfornament/vectorian
\vectorian88.pgf)

[1709]

[1710]

[1711]

[1712]

[1713]

[1714]

[1715]
Underfull \vbox (badness 1810) detected at line 6519
 []



[1716]

[1717]

[1718]

[1719]

[1720]

[1721]

[1722]

[1723]

[1724]

[1725]
Overfull \hbox (44.93689pt too wide) detected at line 6981
[] [][]\OT1/cmr/m/n/12 (3\OML/cmm/m/it/12 x[] \OMS/cmsy/m/n/12 ^^@ \OT1/cmr/m/n
/12 2\OML/cmm/m/it/12 ax \OT1/cmr/m/n/12 + \OML/cmm/m/it/12 a[]\OT1/cmr/m/n/12 
)\OML/cmm/m/it/12 dx \OT1/cmr/m/n/12 = [] [][] = [] [] \OML/cmm/m/it/12 :
 []



[1726]

[1727]

[1728]

[1729]

[1730]

[1731]

[1732]
File: images/image31.png Graphic file (type bmp)
<images/image31.png>


[1733]
File: images/image34.png Graphic file (type bmp)
<images/image34.png>


[1734]
File: images/image130.jpg Graphic file (type bmp)
<images/image130.jpg>


[1735]

[1736]
File: images/image120.jpg Graphic file (type bmp)
<images/image120.jpg>


[1737]

[1738]

[1739]

[1740]

[1741]

[1742]

[1743]

[1744]

[1745]

[1746]
LaTeX Font Info:    Trying to load font information for OMS+lmr on input line 7
852.
 (C:\Users\DHLee\AppData\Local\Programs\MiKTeX\tex/latex/lm\omslmr.fd
File: omslmr.fd 2015/05/01 v1.6.1 Font defs for Latin Modern
)
LaTeX Font Info:    Trying to load font information for OMS+lmsy on input line 
7852.

(C:\Users\DHLee\AppData\Local\Programs\MiKTeX\tex/latex/lm\omslmsy.fd
File: omslmsy.fd 2015/05/01 v1.6.1 Font defs for Latin Modern
)
LaTeX Font Info:    Font shape `OMS/lmr/m/n' in size <12> not available
(Font)              Font shape `OMS/lmsy/m/n' tried instead on input line 7852.



[1747]
Overfull \hbox (1.31004pt too wide) in paragraph at lines 7873--7877
\TU/KaiTi(0)/m/n/12 利 用 积 分 公 式 $[][] \OT1/cmr/m/n/12 = \OMS/cmsy/m/n/12 ^^@\OM
L/cmm/m/it/12 re[] [] x \OT1/cmr/m/n/12 + \OML/cmm/m/it/12 e[] [] x$ \TU/lmr/m/
n/12 (1) \TU/KaiTi(0)/m/n/12 和 $[][] \OT1/cmr/m/n/12 = \OMS/cmsy/m/n/12 ^^@\OML
/cmm/m/it/12 re[] [] x \OMS/cmsy/m/n/12 ^^@
 []


Underfull \vbox (badness 3158) detected at line 7894
 []



[1748]

[1749]
Overfull \hbox (76.25151pt too wide) detected at line 7982
\OML/cmm/m/it/12 ^^Y [][] [] dx \OT1/cmr/m/n/12 = \OML/cmm/m/it/12 ^^Y\OT1/cmr/
m/n/12 (1 + [])[] [][] = \OML/cmm/m/it/12 ^^Y\OT1/cmr/m/n/12 (1 + [])[] [] = \O
ML/cmm/m/it/12 ^^Y\OT1/cmr/m/n/12 (1 + [])[] = (2 + [])\OML/cmm/m/it/12 ^^Y
 []



[1750]
File: images/image282.png Graphic file (type bmp)
<images/image282.png>
File: images/image283.png Graphic file (type bmp)
<images/image283.png>


[1751]
File: images/image284.png Graphic file (type bmp)
<images/image284.png>


[1752]
File: images/image285.png Graphic file (type bmp)
<images/image285.png>


[1753]

[1754]
File: images/image286.png Graphic file (type bmp)
<images/image286.png>
File: images/image287.png Graphic file (type bmp)
<images/image287.png>


[1755]
Underfull \vbox (badness 10000) detected at line 8203
 []



[1756]
Overfull \hbox (2.8896pt too wide) in paragraph at lines 8217--8221
\OML/cmm/m/it/12 e[] [] t\OT1/cmr/m/n/12 )[] = \OMS/cmsy/m/n/12 ^^@\OT1/cmr/m/n
/12 2\OML/cmm/m/it/12 e[] [] t$\TU/KaiTi(0)/m/n/12 ，|  故 $\OML/cmm/m/it/12 e[] 
[] t \OT1/cmr/m/n/12 = \OMS/cmsy/m/n/12 ^^@[]\OT1/cmr/m/n/12 (\OML/cmm/m/it/12 
e[] [] t \OT1/cmr/m/n/12 + \OML/cmm/m/it/12 e[] [] t\OT1/cmr/m/n/12 )[]$\TU/Kai
Ti(0)/m/n/12 。|  由 \TU/lmr/m/n/12 (2) \TU/KaiTi(0)/m/n/12 得，| $\OML/cmm/m/it/12
 C \OT1/cmr/m/n/12 = \OMS/cmsy/m/n/12 ^^@[]\OT1/cmr/m/n/12 [\OML/cmm/m/it/12 e[
] [] t \OT1/cmr/m/n/12 +
 []


Underfull \vbox (badness 1448) detected at line 8226
 []



[1757]
File: images/image291.png Graphic file (type bmp)
<images/image291.png>


[1758]
Underfull \vbox (badness 10000) detected at line 8302
 []



[1759]
File: images/image292.png Graphic file (type bmp)
<images/image292.png>


[1760]

[1761]

[1762]
File: images/image296.png Graphic file (type bmp)
<images/image296.png>


[1763]
File: images/image297.png Graphic file (type bmp)
<images/image297.png>


[1764]
File: images/image298.png Graphic file (type bmp)
<images/image298.png>


[1765]

[1766]
File: images/image299.png Graphic file (type bmp)
<images/image299.png>
File: images/image300.png Graphic file (type bmp)
<images/image300.png>


[1767]
File: images/image301.png Graphic file (type bmp)
<images/image301.png>


[1768]
File: images/image302.png Graphic file (type bmp)
<images/image302.png>


[1769]

[1770]

[1771]
Overfull \hbox (35.19164pt too wide) in paragraph at lines 8739--8741
\TU/KaiTi(0)/m/n/12 由 \TU/lmr/m/n/12 (1) \TU/KaiTi(0)/m/n/12 得，| $[][] \OML/cmm
/m/it/12 f[]\OT1/cmr/m/n/12 (\OML/cmm/m/it/12 x\OT1/cmr/m/n/12 ) \OML/cmm/m/it/
12 dx \OT1/cmr/m/n/12 = [][] [] \OML/cmm/m/it/12 dx \OMS/cmsy/m/n/12 ^^@ [][] [
][]\OT1/cmr/m/n/12 (\OMS/cmsy/m/n/12 ^^@\OML/cmm/m/it/12 x\OT1/cmr/m/n/12 )[](1
 + \OML/cmm/m/it/12 x\OT1/cmr/m/n/12 ) \OML/cmm/m/it/12 dx$ \TU/lmr/m/n/12 ....
..(7) \TU/KaiTi(0)/m/n/12 此 处，| $[][] [][]\OT1/cmr/m/n/12 (\OMS/cmsy/m/n/12 ^^@
\OML/cmm/m/it/12 x\OT1/cmr/m/n/12 )[](1 +
 []


Overfull \hbox (4.62193pt too wide) detected at line 8754
[][] [] \OML/cmm/m/it/12 dx \OT1/cmr/m/n/12 = [][] [] \OMS/cmsy/m/n/12 ^^A []\O
T1/cmr/m/n/12 (1 + [][] \OML/cmm/m/it/12 ^^R\OT1/cmr/m/n/12 ) \OML/cmm/m/it/12 
d^^R \OT1/cmr/m/n/12 = 2 \OMS/cmsy/m/n/12 ^^A [] [][]  \OML/cmm/m/it/12 d^^R \O
T1/cmr/m/n/12 = [] \OMS/cmsy/m/n/12 ^^A [] \OT1/cmr/m/n/12 = []\OML/cmm/m/it/12
 ^^Y
 []


Overfull \hbox (32.37021pt too wide) in paragraph at lines 8759--8764
\TU/lmr/m/n/12 ......(10) \TU/KaiTi(0)/m/n/12 进 一 步，|  由 \TU/lmr/m/n/12 (6) \TU
/KaiTi(0)/m/n/12 知，|  当 $\OML/cmm/m/it/12 n \OMS/cmsy/m/n/12 ! 1$ \TU/KaiTi(0)/
m/n/12 时，| $[] \U/msa/m/n/12 6 [] \OMS/cmsy/m/n/12 ! \OT1/cmr/m/n/12 0$\TU/KaiT
i(0)/m/n/12 ，|  故 $[][] [] \OT1/cmr/m/n/12 =
 []


Underfull \vbox (badness 6575) detected at line 8767
 []



[1772]

[1773]
Overfull \vbox (4.02184pt too high) detected at line 8844
 []



[1774]
File: images/image309.png Graphic file (type bmp)
<images/image309.png>


[1775]

[1776]

[1777]

[1778]
File: images/image310.png Graphic file (type bmp)
<images/image310.png>


[1779]

[1780]
File: images/image311.png Graphic file (type bmp)
<images/image311.png>
File: images/image312.png Graphic file (type bmp)
<images/image312.png>


[1781]
Overfull \hbox (2.00557pt too wide) in paragraph at lines 9141--9143
$\OML/cmm/m/it/12 I[] \OT1/cmr/m/n/12 = [][] [] [] \OML/cmm/m/it/12 d^^R \OT1/c
mr/m/n/12 = [][[] \OMS/cmsy/m/n/12 j\OT1/cmr/m/n/12 1 + [] \OML/cmm/m/it/12 ^^R
\OMS/cmsy/m/n/12 j ^^@ [] j\OT1/cmr/m/n/12 1 \OMS/cmsy/m/n/12 ^^@ [] \OML/cmm/m
/it/12 ^^R\OMS/cmsy/m/n/12 j\OT1/cmr/m/n/12 ][]$\TU/KaiTi(0)/m/n/12 。| $\OT1/cm
r/m/n/12 = [] [][] =
 []

File: images/image313.png Graphic file (type bmp)
<images/image313.png>
File: images/image314.png Graphic file (type bmp)
<images/image314.png>


[1782]

[1783]

[1784]

[1785]
File: images/image320.png Graphic file (type bmp)
<images/image320.png>
File: images/image321.png Graphic file (type bmp)
<images/image321.png>


[1786]
Overfull \vbox (4.95122pt too high) detected at line 9297
 []



[1787]

[1788]
File: images/image322.png Graphic file (type bmp)
<images/image322.png>


[1789]
File: images/image323.png Graphic file (type bmp)
<images/image323.png>
File: images/image324.png Graphic file (type bmp)
<images/image324.png>


[1790]

[1791]
File: images/image325.png Graphic file (type bmp)
<images/image325.png>
File: images/image326.png Graphic file (type bmp)
<images/image326.png>


[1792]

[1793]
File: images/image327.png Graphic file (type bmp)
<images/image327.png>


[1794]
File: images/image328.png Graphic file (type bmp)
<images/image328.png>


[1795]
Overfull \vbox (2.10638pt too high) detected at line 9591
 []



[1796]

[1797]

[1798]
File: images/image340.png Graphic file (type bmp)
<images/image340.png>

Overfull \hbox (76.74564pt too wide) detected at line 9718
[]
 []



[1799]
Underfull \vbox (badness 10000) detected at line 9756
 []



[1800]
File: images/image341.png Graphic file (type bmp)
<images/image341.png>


[1801]
Underfull \vbox (badness 10000) detected at line 9812
 []



[1802]
File: images/image356.png Graphic file (type bmp)
<images/image356.png>


[1803]

[1804]
Overfull \hbox (22.99179pt too wide) detected at line 9917
[][] [] \OML/cmm/m/it/12 dx \OT1/cmr/m/n/12 = [][] [] \OMS/cmsy/m/n/12 ^^A \OT1
/cmr/m/n/12 (\OMS/cmsy/m/n/12 ^^@\OML/cmm/m/it/12 dt\OT1/cmr/m/n/12 ) = \OMS/cm
sy/m/n/12 ^^@ [][] [] \OML/cmm/m/it/12 dt \OT1/cmr/m/n/12 = \OMS/cmsy/m/n/12 ^^
@ [][] [] \OML/cmm/m/it/12 dx [] \OT1/cmr/m/n/12 (6)
 []



[1805]

[1806]
File: images/image357.png Graphic file (type bmp)
<images/image357.png>


[1807]
File: images/image358.png Graphic file (type bmp)
<images/image358.png>
File: images/image359.png Graphic file (type bmp)
<images/image359.png>
File: images/image360.png Graphic file (type bmp)
<images/image360.png>


[1808]

[1809]

[1810]
File: images/image361.png Graphic file (type bmp)
<images/image361.png>


[1811]

[1812]

[1813]

[1814]

[1815]

[1816]
File: images/image362.png Graphic file (type bmp)
<images/image362.png>


[1817]
File: images/image363.png Graphic file (type bmp)
<images/image363.png>


[1818]
File: images/image364.png Graphic file (type bmp)
<images/image364.png>
File: images/image365.png Graphic file (type bmp)
<images/image365.png>


[1819]

[1820]
File: images/image366.png Graphic file (type bmp)
<images/image366.png>
File: images/image367.png Graphic file (type bmp)
<images/image367.png>


[1821]

[1822]
File: images/image374.png Graphic file (type bmp)
<images/image374.png>

Overfull \hbox (116.94215pt too wide) in paragraph at lines 10489--10494
\OML/cmm/m/it/12 EFGH$\TU/KaiTi(0)/m/n/12 。|  顶 点 的 坐 标 分 别 为 $\OML/cmm/m/it/12
 A\OT1/cmr/m/n/12 (1\OML/cmm/m/it/12 ; \OT1/cmr/m/n/12 0\OML/cmm/m/it/12 ; \OT1
/cmr/m/n/12 0)\OML/cmm/m/it/12 ; B\OT1/cmr/m/n/12 (0\OML/cmm/m/it/12 ; \OT1/cmr
/m/n/12 1\OML/cmm/m/it/12 ; \OT1/cmr/m/n/12 0)\OML/cmm/m/it/12 ; C\OT1/cmr/m/n/
12 (\OMS/cmsy/m/n/12 ^^@\OT1/cmr/m/n/12 1\OML/cmm/m/it/12 ; \OT1/cmr/m/n/12 0\O
ML/cmm/m/it/12 ; \OT1/cmr/m/n/12 0)\OML/cmm/m/it/12 ; D\OT1/cmr/m/n/12 (0\OML/c
mm/m/it/12 ; \OMS/cmsy/m/n/12 ^^@\OT1/cmr/m/n/12 1\OML/cmm/m/it/12 ; \OT1/cmr/m
/n/12 0)\OML/cmm/m/it/12 ; E\OT1/cmr/m/n/12 (1\OML/cmm/m/it/12 ; \OT1/cmr/m/n/1
2 0\OML/cmm/m/it/12 ; \OT1/cmr/m/n/12 1)\OML/cmm/m/it/12 ; F\OT1/cmr/m/n/12 (0\
OML/cmm/m/it/12 ; \OT1/cmr/m/n/12 1\OML/cmm/m/it/12 ; \OT1/cmr/m/n/12 1)\OML/cm
m/m/it/12 ; G\OT1/cmr/m/n/12 (\OMS/cmsy/m/n/12 ^^@\OT1/cmr/m/n/12 1\OML/cmm/m/i
t/12 ; \OT1/cmr/m/n/12 0\OML/cmm/m/it/12 ; \OT1/cmr/m/n/12 1)\OML/cmm/m/it/12 ;
 H\OT1/cmr/m/n/12 (0\OML/cmm/m/it/12 ; \OMS/cmsy/m/n/12 ^^@\OT1/cmr/m/n/12 1\OM
L/cmm/m/it/12 ; \OT1/cmr/m/n/12 1)$\TU/KaiTi(0)/m/n/12 。|
 []



[1823]
Overfull \vbox (1.66199pt too high) detected at line 10525
 []



[1824]
File: images/image375.png Graphic file (type bmp)
<images/image375.png>
File: images/image376.png Graphic file (type bmp)
<images/image376.png>
File: images/image377.png Graphic file (type bmp)
<images/image377.png>
File: images/image378.png Graphic file (type bmp)
<images/image378.png>


[1825]
Overfull \vbox (297.0307pt too high) has occurred while \output is active []



[1826]
File: images/image379.png Graphic file (type bmp)
<images/image379.png>


[1827]
File: images/image380.png Graphic file (type bmp)
<images/image380.png>


[1828]

[1829]
Overfull \hbox (4.69829pt too wide) in paragraph at lines 10663--10665
\TU/KaiTi(0)/m/n/12 由 \TU/lmr/m/n/12 (1) \TU/KaiTi(0)/m/n/12 可 知，|  当 $\OML/cmm
/m/it/12 x > \OT1/cmr/m/n/12 0$ \TU/KaiTi(0)/m/n/12 时，| $[] [] \U/msa/m/n/12 6 
[] \OMS/cmsy/m/n/12 ^^@ \OT1/cmr/m/n/12 1 = []$\TU/KaiTi(0)/m/n/12 。|  在 此，|  设
 $\OML/cmm/m/it/12 I[] \OT1/cmr/m/n/12 = \OML/cmm/m/it/12 n [][] [] [] dx$\TU/K
aiTi(0)/m/n/12 ，|
 []


Underfull \vbox (badness 10000) detected at line 10687
 []



[1830]

[1831]
File: images/image387.png Graphic file (type bmp)
<images/image387.png>


[1832]
Underfull \vbox (badness 4673) detected at line 10771
 []



[1833]
File: images/image388.png Graphic file (type bmp)
<images/image388.png>


[1834]

[1835]
File: images/image389.png Graphic file (type bmp)
<images/image389.png>
File: images/image390.png Graphic file (type bmp)
<images/image390.png>


[1836]
File: images/image391.png Graphic file (type bmp)
<images/image391.png>
File: images/image392.png Graphic file (type bmp)
<images/image392.png>
File: images/image393.png Graphic file (type bmp)
<images/image393.png>
File: images/image394.png Graphic file (type bmp)
<images/image394.png>
File: images/image395.png Graphic file (type bmp)
<images/image395.png>


[1837]
Overfull \vbox (278.5155pt too high) has occurred while \output is active []



[1838]

[1839]
(C:\Users\DHLee\AppData\Local\Programs\MiKTeX\tex/generic/pgfornament/vectorian
\vectorian88.pgf)

[1840]

[1841]

[1842]

[1843]

[1844]

[1845]

[1846]

[1847]

[1848]

[1849]

[1850]

[1851]
Underfull \vbox (badness 10000) detected at line 11443
 []



[1852]

[1853]

[1854]
Underfull \vbox (badness 10000) detected at line 11538
 []



[1855]

[1856]
Underfull \vbox (badness 10000) detected at line 11600
 []



[1857]

[1858]

[1859]

[1860]
Underfull \vbox (badness 3343) detected at line 11735
 []



[1861]

[1862]

[1863]
Underfull \vbox (badness 2158) detected at line 11853
 []



[1864]

[1865]
Underfull \vbox (badness 10000) detected at line 11924
 []



[1866]

[1867]

[1868]

[1869]

[1870]

[1871]

[1872]

[1873]

[1874]

[1875]

[1876]

[1877]

[1878]

[1879]

[1880]

[1881]

[1882]

[1883]

[1884]

[1885]

[1886]

[1887]

[1888]
Underfull \vbox (badness 1320) detected at line 12834
 []



[1889]

[1890]

[1891]

[1892]
Overfull \vbox (7.70718pt too high) detected at line 12982
 []



[1893]

[1894]

[1895]

[1896]

[1897]

[1898]
Underfull \vbox (badness 2717) detected at line 13222
 []



[1899]

[1900]

[1901]

[1902]

[1903]

[1904]

[1905]

[1906]

[1907]

[1908]

[1909]
Missing character: There is no 、 in font [lmroman12-regular]:mapping=tex-text;!
Missing character: There is no 、 in font [lmroman12-regular]:mapping=tex-text;!


[1910]

[1911]

[1912]

[1913]
Overfull \vbox (10.9786pt too high) detected at line 13846
 []



[1914]

[1915]

[1916]

[1917]

[1918]

[1919]

[1920]
Overfull \vbox (8.7506pt too high) detected at line 14123
 []



[1921]

[1922]

[1923]

[1924]

[1925]

[1926]

[1927]

[1928]

[1929]

[1930]

[1931]

[1932]

[1933]

[1934]

[1935]

[1936]

[1937]

[1938]

[1939]

[1940]

[1941]

[1942]
Overfull \hbox (7.08134pt too wide) detected at line 14991
\OML/cmm/m/it/12 v \OT1/cmr/m/n/12 = \OMS/cmsy/m/n/12 ^^@ [] \OML/cmm/m/it/12 x
;  du \OT1/cmr/m/n/12 = [] []  \OML/cmm/m/it/12 dx \OT1/cmr/m/n/12 = [] \OML/cm
m/m/it/12 dx
 []



[1943]

[1944]

[1945]

[1946]

[1947]

[1948]

[1949]

[1950]

[1951]
Underfull \vbox (badness 10000) detected at line 15449
 []



[1952]

[1953]

[1954]

[1955]

[1956]

[1957]

[1958]

[1959]

[1960]

[1961]

[1962]

[1963]

[1964]

[1965]

[1966]

[1967]

[1968]
Missing character: There is no 、 in font [lmroman12-regular]:mapping=tex-text;!
Missing character: There is no 、 in font [lmroman12-regular]:mapping=tex-text;!
Missing character: There is no 、 in font [lmroman12-regular]:mapping=tex-text;!
Missing character: There is no 、 in font [lmroman12-regular]:mapping=tex-text;!


[1969]

[1970]

[1971]

[1972]

[1973]

[1974]

[1975]

[1976]

[1977]

[1978]

[1979]
Underfull \vbox (badness 10000) detected at line 16736
 []



[1980]

[1981]

[1982]

[1983]

[1984]

[1985]

[1986]

[1987]

[1988]

[1989]

[1990]

[1991]

[1992]

[1993]

[1994]

[1995]

[1996]

[1997]

[1998]

[1999]
Overfull \vbox (6.54633pt too high) detected at line 17642
 []



[2000]

[2001]

[2002]
Overfull \hbox (10.3914pt too wide) detected at line 17749
\OML/cmm/m/it/12 g [] \OT1/cmr/m/n/12 = [] = [] = [] = \OML/cmm/m/it/12 g\OT1/c
mr/m/n/12 (\OML/cmm/m/it/12 x\OT1/cmr/m/n/12 )
 []



[2003]

[2004]

[2005]

[2006]

[2007]

[2008]
Overfull \hbox (27.30527pt too wide) detected at line 18032
[] \OML/cmm/m/it/12 x [][] f\OT1/cmr/m/n/12 (\OML/cmm/m/it/12 t\OT1/cmr/m/n/12 
) \OML/cmm/m/it/12 dt \OMS/cmsy/m/n/12 ^^@ [][]\OT1/cmr/m/n/12 ([] \OML/cmm/m/i
t/12 t\OT1/cmr/m/n/12 )\OML/cmm/m/it/12 f\OT1/cmr/m/n/12 (\OML/cmm/m/it/12 t\OT
1/cmr/m/n/12 ) \OML/cmm/m/it/12 dt \OT1/cmr/m/n/12 + [][]([] \OML/cmm/m/it/12 t
\OT1/cmr/m/n/12 )\OML/cmm/m/it/12 f\OT1/cmr/m/n/12 (\OML/cmm/m/it/12 t\OT1/cmr/
m/n/12 ) \OML/cmm/m/it/12 dt \OMS/cmsy/m/n/12 ^^@ [] \OML/cmm/m/it/12 x [][] f\
OT1/cmr/m/n/12 (\OML/cmm/m/it/12 t\OT1/cmr/m/n/12 ) \OML/cmm/m/it/12 dt \OT1/cm
r/m/n/12 = 3\OML/cmm/m/it/12 x[]\OT1/cmr/m/n/12 ([] \OML/cmm/m/it/12 x \OMS/cms
y/m/n/12 ^^@ \OT1/cmr/m/n/12 1) + \OML/cmm/m/it/12 Ax \OT1/cmr/m/n/12 + \OML/cm
m/m/it/12 B [] \OT1/cmr/m/n/12 (1)
 []


Overfull \hbox (43.11957pt too wide) detected at line 18036
[] [][] \OML/cmm/m/it/12 f\OT1/cmr/m/n/12 (\OML/cmm/m/it/12 t\OT1/cmr/m/n/12 ) 
\OML/cmm/m/it/12 dt \OT1/cmr/m/n/12 + [] \OML/cmm/m/it/12 x \OMS/cmsy/m/n/12 ^^
A \OML/cmm/m/it/12 f\OT1/cmr/m/n/12 (\OML/cmm/m/it/12 x\OT1/cmr/m/n/12 ) \OMS/c
msy/m/n/12 ^^@ \OT1/cmr/m/n/12 ([] \OML/cmm/m/it/12 x\OT1/cmr/m/n/12 )\OML/cmm/
m/it/12 f\OT1/cmr/m/n/12 (\OML/cmm/m/it/12 x\OT1/cmr/m/n/12 ) \OMS/cmsy/m/n/12 
^^@ \OT1/cmr/m/n/12 ([] \OML/cmm/m/it/12 x\OT1/cmr/m/n/12 )\OML/cmm/m/it/12 f\O
T1/cmr/m/n/12 (\OML/cmm/m/it/12 x\OT1/cmr/m/n/12 ) \OMS/cmsy/m/n/12 ^^@ [] [][]
 \OML/cmm/m/it/12 f\OT1/cmr/m/n/12 (\OML/cmm/m/it/12 t\OT1/cmr/m/n/12 ) \OML/cm
m/m/it/12 dt \OT1/cmr/m/n/12 + [] \OML/cmm/m/it/12 x \OMS/cmsy/m/n/12 ^^A \OML/
cmm/m/it/12 f\OT1/cmr/m/n/12 (\OML/cmm/m/it/12 x\OT1/cmr/m/n/12 ) = 6\OML/cmm/m
/it/12 x\OT1/cmr/m/n/12 ([] \OML/cmm/m/it/12 x \OMS/cmsy/m/n/12 ^^@ \OT1/cmr/m/
n/12 1) + 3\OML/cmm/m/it/12 x[] \OMS/cmsy/m/n/12 ^^A [] \OT1/cmr/m/n/12 + \OML/
cmm/m/it/12 A
 []



[2009]

[2010]

[2011]

[2012]

[2013]
Underfull \vbox (badness 5832) detected at line 18238
 []



[2014]

[2015]

[2016]
(C:\Users\DHLee\AppData\Local\Programs\MiKTeX\tex/generic/pgfornament/vectorian
\vectorian88.pgf)

[2017]

[2018]

[2019]

[2020]

[2021]

[2022]

[2023]

[2024]

[2025]

[2026]

[2027]

[2028]

[2029]
Overfull \vbox (6.0378pt too high) detected at line 18991
 []



[2030]

[2031]

[2032]

[2033]

[2034]

[2035]

[2036]

[2037]

[2038]

[2039]

[2040]

[2041]

[2042]

[2043]
Overfull \hbox (4.79562pt too wide) detected at line 19627
\OML/cmm/m/it/12 I \OT1/cmr/m/n/12 = [] [] \OML/cmm/m/it/12 dx \OT1/cmr/m/n/12 
= \OMS/cmsy/m/n/12 ^^@ [] [] \OT1/cmr/m/n/12 = \OMS/cmsy/m/n/12 ^^@ [] [] \OT1/
cmr/m/n/12 = \OMS/cmsy/m/n/12 ^^@ [] [] \OML/cmm/m/it/12 du \OMS/cmsy/m/n/12 ^^
@ [] [] \OML/cmm/m/it/12 du \OT1/cmr/m/n/12 = \OMS/cmsy/m/n/12 ^^@\OT1/cmr/m/n/
12 (\OML/cmm/m/it/12 I[] \OT1/cmr/m/n/12 + \OML/cmm/m/it/12 I[]\OT1/cmr/m/n/12 
)
 []


Overfull \hbox (29.88837pt too wide) detected at line 19632
\OML/cmm/m/it/12 I[] \OT1/cmr/m/n/12 = [] [] \OML/cmm/m/it/12 du \OT1/cmr/m/n/1
2 = [] [] = [] [] [] = [] [] [] = [] [] []
 []


Overfull \vbox (3.92003pt too high) detected at line 19647
 []



[2044]

[2045]

[2046]
Overfull \hbox (14.39612pt too wide) detected at line 19791
\OML/cmm/m/it/12 y[] \OT1/cmr/m/n/12 = \OML/cmm/m/it/12 y[] [] [] [] [] dx \OT1
/cmr/m/n/12 = \OML/cmm/m/it/12 e[] [] e[] [] [] \OT1/cmr/m/n/12 = \OML/cmm/m/it
/12 e[] [] x[] dx \OT1/cmr/m/n/12 = []\OML/cmm/m/it/12 x[]e[]
 []



[2047]

[2048]

[2049]

[2050]

[2051]

[2052]

[2053]

[2054]

[2055]

[2056]

[2057]

[2058]

[2059]

[2060]

[2061]

[2062]

[2063]

[2064]

[2065]

[2066]

[2067])

[2068]
(C:\Users\DHLee\AppData\Local\Programs\MiKTeX\tex/generic/pgfornament/vectorian
\vectorian88.pgf)
\flagwidth=\dimen342
\flaglength=\dimen343
\flagframe=\dimen344

(C:\Users\DHLee\AppData\Local\Programs\MiKTeX\tex/latex/worldflags\worldflag_MY
.tex)
\flagwidth=\dimen345
\flaglength=\dimen346
\flagframe=\dimen347

(C:\Users\DHLee\AppData\Local\Programs\MiKTeX\tex/latex/worldflags\worldflag_SG
.tex)
\flagwidth=\dimen348
\flaglength=\dimen349
\flagframe=\dimen350

(C:\Users\DHLee\AppData\Local\Programs\MiKTeX\tex/latex/worldflags\worldflag_TW
.tex)
\flagwidth=\dimen351
\flaglength=\dimen352
\flagframe=\dimen353

(C:\Users\DHLee\AppData\Local\Programs\MiKTeX\tex/latex/worldflags\worldflag_CN
.tex)
\flagwidth=\dimen354
\flaglength=\dimen355
\flagframe=\dimen356

(C:\Users\DHLee\AppData\Local\Programs\MiKTeX\tex/latex/worldflags\worldflag_JP
.tex)
\flagwidth=\dimen357
\flaglength=\dimen358
\flagframe=\dimen359

(C:\Users\DHLee\AppData\Local\Programs\MiKTeX\tex/latex/worldflags\worldflag_IN
.tex)
\flagwidth=\dimen360
\flaglength=\dimen361
\flagframe=\dimen362

(C:\Users\DHLee\AppData\Local\Programs\MiKTeX\tex/latex/worldflags\worldflag_US
.tex)
\flagwidth=\dimen363
\flaglength=\dimen364
\flagframe=\dimen365

(C:\Users\DHLee\AppData\Local\Programs\MiKTeX\tex/latex/worldflags\worldflag_CA
.tex)
\flagwidth=\dimen366
\flaglength=\dimen367
\flagframe=\dimen368

(C:\Users\DHLee\AppData\Local\Programs\MiKTeX\tex/latex/worldflags\worldflag_GB
.tex
\b=\dimen369
\h=\dimen370
\lwb=\dimen371
\lws=\dimen372
)
\flagwidth=\dimen373
\flaglength=\dimen374
\flagframe=\dimen375

(C:\Users\DHLee\AppData\Local\Programs\MiKTeX\tex/latex/worldflags\worldflag_BG
.tex)





[2069


]







[2070]
This exam contains 2674 questions with 1107 parts, 13 subparts, and 0 subsubpar
ts.
(main.aux (代数.aux) (离散数学.aux) (统计学.aux) (几何.aux) (微积分.aux))
 ***********
LaTeX2e <2025-06-01> patch level 1
L3 programming layer <2022/08/05>
 ***********


LaTeX Font Warning: Some font shapes were not available, defaults substituted.


LaTeX Warning: There were multiply-defined labels.

Package rerunfilecheck Info: File `main.out' has not changed.
(rerunfilecheck)             Checksum: D41D8CD98F00B204E9800998ECF8427E;0.
 ) 
Here is how much of TeX's memory you used:
 40563 strings out of 403250
 889755 string characters out of 5460889
 1750734 words of memory out of 5000000
 67655 multiletter control sequences out of 15000+600000
 643778 words of font info for 131 fonts, out of 8000000 for 9000
 1348 hyphenation exceptions out of 8191
 84i,22n,93p,1251b,1578s stack positions out of 10000i,1000n,20000p,200000b,200000s

Output written on main.pdf (2071 pages).
